area,count,total
三重區成功路,1,2000
不需寄送收據,1,60000
中和郵局號,1,2020
中和郵政第,1,1000
中壢區後興路,1,2000
中壢區龍和三,1,2000
中壢郵政號,2,3020
中山北路六段,1,3000
劉福生,1,5040
北市三重區重,1,2020
北市中山北路,1,33000
北市中山區農,1,2000
北市中正區中,1,3000
北市中正區徐,1,5000
北市八德路四,1,500
北市北投區公,1,2020
北市北投區裕,1,2020
北市南港區研,1,1000
北市士林區中,1,1000
北市士林區格,2,12500
北市士林區福,1,10000
北市大安區師,1,5000
北市延吉街巷,1,6600
北市建國南路,1,3000
北市復興北路,1,1000
北市文山區景,1,5000
北市明水路巷,1,1000
北市晶明街巷,1,1000
北市松山路,1,2200
北市武昌街一,1,1000
北市興隆路二,1,5000
南京東路四段,1,500
南投市三和二,1,2500
南投市中興新,4,8040
南投市仁政街,1,6000
南投市仁義南,2,4040
南投市信義街,3,5020
南投市光明一,1,2020
南投市光明南,1,2020
南投市光榮東,1,2000
南投市光榮西,2,4040
南投市力行二,1,2020
南投市南崗一,1,1000
南投市南新路,1,2020
南投市南營路,1,5000
南投市吉利路,1,2020
南投市同源路,1,2020
南投市嘉和二,1,10000
南投市嘉和里,1,1000
南投市彰南路,3,6060
南投市忠孝路,1,2020
南投市成功三,1,2000
南投市振興里,2,5020
南投市文化路,1,500
南投市民族路,3,6060
南投市永豐里,1,2020
南投市營盤路,1,2020
南投市祖祠路,1,2020
南投市軍功里,3,5040
南投縣中寮郷,1,2020
南投縣中寮鄉,5,44020
南投縣中興新,1,2020
南投縣仁愛鄉,7,18040
南投縣信義鄉,4,36000
南投縣南投市,179,898309
南投縣名松路,1,1000
南投縣名間鄉,29,67868
南投縣國姓鄉,13,60180
南投縣埔里和,1,2020
南投縣埔里郵,4,100000
南投縣埔里鎮,212,1360480
南投縣水里鄉,39,190168
南投縣水里鄕,1,2020
南投縣竹山,1,10000
南投縣竹山鎮,94,423088
南投縣草屯,2,8020
南投縣草屯鎮,152,390311
南投縣集集鎮,12,28322
南投縣魚池鄉,20,91784
南投縣鹿谷鄉,16,35720
南投郵政第之,1,1000
南投郵政號,1,6000
南海街號樓,1,2000
台中太平郵局,1,2000
台中山潭子區,1,600
台中巿北區北,1,2020
台中巿北屯區,2,4020
台中巿大里區,1,6600
台中巿豐原區,3,6060
台中市中區三,3,7040
台中市中區中,1,2020
台中市中區光,2,2000
台中市中區公,1,10000
台中市中區台,1,2000
台中市中區崇,1,500
台中市中區建,1,2020
台中市中區成,4,7040
台中市中區柳,1,2020
台中市中區綠,1,2000
台中市中區自,3,6540
台中市中山區,1,20000
台中市中清路,1,2000
台中市五權八,1,2020
台中市五權西,3,9040
台中市北區,1,5000
台中市北區三,4,4131
台中市北區中,15,105068
台中市北區五,7,50080
台中市北區健,13,25240
台中市北區北,1,2020
台中市北區博,8,15140
台中市北區原,1,1000
台中市北區國,4,14020
台中市北區大,2,4040
台中市北區天,9,18160
台中市北區太,3,22020
台中市北區學,1,200
台中市北區富,1,2020
台中市北區山,1,2020
台中市北區崇,3,6040
台中市北區德,2,4040
台中市北區忠,6,40100
台中市北區成,1,2020
台中市北區文,9,22140
台中市北區日,7,26040
台中市北區明,1,2000
台中市北區東,4,7060
台中市北區柳,1,2020
台中市北區梅,12,46119
台中市北區武,1,2020
台中市北區民,6,11040
台中市北區漢,9,326280
台中市北區目,1,3000
台中市北區綏,2,6060
台中市北區美,5,52020
台中市北區育,7,22679
台中市北區自,1,600
台中市北區英,12,35160
台中市北區華,5,11080
台中市北區衛,2,3020
台中市北區賴,1,2000
台中市北區進,10,47410
台中市北區金,1,2020
台中市北區錦,5,7948
台中市北區陕,1,2020
台中市北區陜,2,4040
台中市北區陝,11,50160
台中市北區雙,4,12020
台中市北區青,8,45800
台中市北屯,3,4500
台中市北屯區,398,1969911
台中市協成里,1,1000
台中市南區,1,5000
台中市南區三,9,25360
台中市南區五,10,52660
台中市南區仁,6,12120
台中市南區信,4,8080
台中市南區光,1,2020
台中市南區公,2,9080
台中市南區南,2,4020
台中市南區和,1,200
台中市南區國,3,13195
台中市南區大,7,96708
台中市南區學,5,18080
台中市南區崇,2,6060
台中市南區工,22,91180
台中市南區平,1,5000
台中市南區建,9,16140
台中市南區復,6,21680
台中市南區德,5,9660
台中市南區忠,22,118390
台中市南區文,12,36360
台中市南區東,1,2020
台中市南區柳,1,5000
台中市南區樹,4,25020
台中市南區永,4,9151
台中市南區福,9,22680
台中市南區美,7,26060
台中市南區西,3,10040
台中市南區高,1,2020
台中市南屯,2,10000
台中市南屯區,303,1477550
台中市台中路,1,1000
台中市台灣大,4,72020
台中市后里區,28,108880
台中市和平區,8,15580
台中市和里區,1,6000
台中市和順路,1,10000
台中市外埔區,12,143471
台中市外浦區,1,2020
台中市大元里,1,2020
台中市大墩十,1,5000
台中市大墩街,1,5000
台中市大墩路,1,5000
台中市大安區,6,12040
台中市大慶街,1,2000
台中市大敦六,1,10000
台中市大甲區,32,78500
台中市大肚,1,3000
台中市大肚區,34,85920
台中市大誠街,1,1200
台中市大進街,2,9000
台中市大里,1,2000
台中市大里區,192,550661
台中市大里郵,1,1000
台中市大隆路,1,10000
台中市大雅,1,20000
台中市大雅區,54,636720
台中市太平,1,20000
台中市太平區,144,909086
台中市工業區,2,6000
台中市市政北,2,16000
台中市建國南,1,2000
台中市後興路,1,3000
台中市復興路,2,2000
台中市忠明路,1,2000
台中市惠文路,1,20000
台中市文心,1,5000
台中市文心一,1,3000
台中市文心南,1,666
台中市文心路,1,10000
台中市文昌,1,9000
台中市文昌街,1,1000
台中市新社區,6,21020
台中市新社里,1,1000
台中市昌平路,1,3000
台中市東勢,1,450
台中市東勢區,36,149128
台中市東區,1,5000
台中市東區一,1,2020
台中市東區十,7,13190
台中市東區南,2,4040
台中市東區和,4,8080
台中市東區大,8,35040
台中市東區富,6,20060
台中市東區干,1,1000
台中市東區建,6,16080
台中市東區復,1,2020
台中市東區德,2,17020
台中市東區忠,3,13520
台中市東區振,2,3111
台中市東區旱,9,18120
台中市東區東,9,22120
台中市東區樂,2,6060
台中市東區玉,1,5000
台中市東區福,4,16060
台中市東區立,1,2020
台中市東區練,1,2020
台中市東區自,9,21140
台中市東區興,2,4020
台中市東區進,4,12640
台中市東山路,1,200
台中市東市區,1,1000
台中市東練武,1,1015
台中市柳川東,1,5000
台中市柳陽西,1,500
台中市梅川東,1,1000
台中市梧棲區,32,138551
台中市櫻花路,1,2000
台中市民權路,1,1682
台中市民生北,1,5000
台中市沙鹿區,69,222536
台中市河南路,1,50000
台中市清水,1,5000
台中市清水區,64,217991
台中市潭子區,101,375369
台中市潭富路,1,2020
台中市瀋陽路,1,5000
台中市烏日,1,2000
台中市烏日區,69,222480
台中市皇城街,1,1000
台中市石岡區,5,8060
台中市神岡區,30,192360
台中市空城街,1,2000
台中市精誠二,1,2000
台中市精誠十,1,3000
台中市綏遠路,1,8888
台中市自治街,1,2020
台中市自由路,2,3000
台中市華中街,1,3000
台中市西,1,20000
台中市西區,1,2000
台中市西區三,4,41020
台中市西區中,8,150100
台中市西區五,18,49280
台中市西區公,10,20100
台中市西區南,4,15620
台中市西區台,5,22060
台中市西區向,17,93940
台中市西區大,20,67300
台中市西區太,1,1000
台中市西區存,4,64040
台中市西區居,1,6000
台中市西區市,1,2020
台中市西區康,1,2020
台中市西區建,1,2000
台中市西區忠,14,99160
台中市西區日,1,2020
台中市西區昇,1,1000
台中市西區明,3,8520
台中市西區柳,3,6100
台中市西區梅,2,5020
台中市西區樂,3,7040
台中市西區模,5,110080
台中市西區民,5,60100
台中市西區福,6,26638
台中市西區精,10,49731
台中市西區美,3,21000
台中市西區自,6,12100
台中市西區臺,3,6060
台中市西區英,3,14040
台中市西區華,10,45800
台中市西區貴,1,1500
台中市西區金,2,10100
台中市西區長,1,2000
台中市西區館,1,2020
台中市西屯區,459,3208468
台中市西屯漢,1,3000
台中市西屯路,3,6040
台中市豐原區,118,501149
台中市軍功路,1,20200
台中市郵政號,1,5000
台中市長安路,1,10000
台中市霧峰區,39,132662
台中市黎明東,1,2020
台中市龍井區,35,226240
台中遊園路一,1,3000
台北中華路二,1,13000
台北信義區祥,1,5000
台北光復郵局,1,2000
台北南陽郵局,1,1000
台北台北市大,1,10000
台北士林三南,1,10000
台北巿中山區,2,4040
台北巿北投區,3,6060
台北巿士林區,1,2020
台北巿文山區,2,4040
台北巿松山區,2,4040
台北市三民路,1,10000
台北市三重區,2,32908
台北市中原街,1,2020
台北市中孝東,1,2000
台北市中山,6,120020
台北市中山北,18,192080
台北市中山區,579,13484300
台北市中山明,1,2020
台北市中山松,1,2020
台北市中山路,1,1000
台北市中正區,335,2572491
台北市中正路,2,9500
台北市中華路,7,13820
台北市仁愛路,17,134080
台北市仰德大,1,2000
台北市伊通街,1,2000
台北市信義區,412,2207971
台北市信義路,27,401370
台北市健康路,2,12000
台北市光復,1,12000
台北市光復北,2,22000
台北市光復南,19,326120
台北市內湖,5,122020
台北市內湖区,1,2000
台北市內湖區,537,4359892
台北市內湖去,1,3000
台北市內湖路,16,167060
台北市八德路,5,36000
台北市内湖區,12,40200
台北市内湖路,1,10000
台北市北安路,1,3000
台北市北屯區,2,4200
台北市北投,3,18600
台北市北投區,364,2164325
台北市北投東,1,2020
台北市南京東,13,55400
台北市南京西,3,7600
台北市南寧路,1,20000
台北市南昌路,3,16000
台北市南港區,183,1385642
台北市南港路,1,6600
台北市南陽街,1,3000
台北市南陽郵,1,2020
台北市博愛,1,30000
台北市博愛路,1,3000
台北市台大區,1,4500
台北市合江街,1,3000
台北市吉林路,5,45000
台北市同安街,2,20701
台北市吳興街,3,12000
台北市和平,1,2000
台北市和平東,24,111742
台北市和平西,2,102020
台北市哈密街,1,2000
台北市四平街,1,10000
台北市四維路,3,8500
台北市國興路,2,12000
台北市基湖路,1,20000
台北市基隆路,7,30000
台北市堤頂大,2,98888
台北市塔悠路,2,2520
台北市士東路,3,3000
台北市士林,6,20000
台北市士林區,414,2572678
台北市大同區,133,3053968
台北市大安,1,75000
台北市大安區,867,8599414
台北市大安路,3,19000
台北市大安郵,1,8888
台北市天母北,1,1000
台北市天母西,1,3000
台北市天津街,1,3000
台北市天玉街,1,10000
台北市天祥路,1,1000
台北市孝東路,1,3000
台北市安和路,2,13000
台北市安居街,3,18000
台北市安東街,2,15000
台北市富錦街,4,18000
台北市寧波西,1,3000
台北市寶清,1,2020
台北市崇德街,1,2000
台北市市民大,1,10000
台北市師大路,1,2000
台北市康寧路,2,7000
台北市康樂街,2,12000
台北市廈門街,1,12000
台北市延壽街,2,23000
台北市建國北,5,65500
台北市建國南,4,25000
台北市復興北,9,129000
台北市復興南,15,73020
台北市德惠街,2,3000
台北市德昌街,1,2000
台北市德行東,2,5000
台北市忠孝,3,30000
台北市忠孝東,21,112520
台北市忠孝西,1,2020
台北市忠東路,2,10000
台北市忠誠路,3,39000
台北市成功路,2,16600
台北市承德路,4,66000
台北市撫遠,1,10000
台北市撫遠街,2,9000
台北市敦化,1,3015
台北市敦化北,4,74020
台北市敦化南,13,604500
台北市敬業三,1,5000
台北市文山,1,2020
台北市文山區,579,2950955
台北市新東街,3,27000
台北市新生,1,660
台北市新生北,2,60000
台北市新生南,8,32520
台北市昆明街,1,1000
台北市明水路,3,18020
台北市景興路,3,15150
台北市木新路,2,21200
台北市木柵區,2,50000
台北市木柵路,8,17200
台北市杭州南,7,73020
台北市東新街,1,1000
台北市東華街,1,500
台北市松仁路,3,25000
台北市松山區,513,3431579
台北市松山路,1,35000
台北市松德區,1,97000
台北市松德路,1,5000
台北市松江路,11,170500
台北市林口區,1,5000
台北市林森北,1,10000
台北市林森南,2,11000
台北市桂林路,1,2000
台北市樂業街,1,5000
台北市樂群二,1,2050
台北市樹林區,1,15000
台北市民族東,2,4000
台北市民族西,2,18000
台北市民東路,1,10000
台北市民權東,14,101080
台北市民生,1,2020
台北市民生東,25,114340
台北市民生西,1,5000
台北市水源路,1,2000
台北市永吉路,5,19040
台北市永和區,1,100000
台北市永康街,2,33000
台北市汀州路,4,4520
台北市汀洲路,3,205000
台北市泉州街,2,5000
台北市泰順,1,200
台北市浦城街,2,15000
台北市涼州街,1,2000
台北市淡水區,2,4000
台北市渭水路,1,1000
台北市溫州,1,8000
台北市溫州街,4,15020
台北市漢口街,1,6000
台北市濟南路,1,3000
台北市牯嶺街,3,16000
台北市玉成街,1,1000
台北市瑞安街,1,1000
台北市石牌路,3,25200
台北市研究院,2,5120
台北市福林路,1,5000
台北市立農街,1,1000
台北市紹興南,1,3000
台北市羅斯,1,2500
台北市羅斯福,9,195100
台北市臨沂街,3,23000
台北市至善路,1,20000
台北市興安街,1,20000
台北市興隆路,3,7000
台北市莊敬路,4,12700
台北市萬大路,1,5000
台北市萬安,1,5000
台北市萬盛街,1,1000
台北市萬芳路,2,12000
台北市萬華區,214,735202
台北市萬華東,1,3000
台北市萬隆,1,5000
台北市虎林街,2,4040
台北市行義路,1,2020
台北市詔安街,1,5000
台北市赤峰街,1,20000
台北市辛亥路,4,34020
台北市通化街,1,1000
台北市通化路,1,10000
台北市逸仙路,3,14000
台北市郵局,1,100000
台北市郵政,1,500
台北市重慶北,4,16000
台北市重慶南,1,50000
台北市重陽路,2,2000
台北市金山南,5,20000
台北市金華,1,2000
台北市金華街,5,16000
台北市金門街,1,6000
台北市長安東,2,20000
台北市長春路,5,129600
台北市長興街,1,888
台北市雙城街,2,6000
台北市青年路,2,7000
台北市青田街,1,5000
台北市麗水街,2,4000
台北市龍江路,4,11020
台北文山區保,1,5000
台北縣南港區,1,2020
台北縣新莊區,1,5000
台北郵局郵,1,2000
台北郵政之信,1,1000
台北郵政之號,1,1000
台北郵政信,1,2000
台北郵政信箱,3,6060
台北郵政第之,1,1000
台北郵政號,5,14040
台北郵政號信,1,200
台南仁德區德,2,4040
台南北區市開,1,2020
台南巿東區林,1,2020
台南市七股區,2,4040
台南市下營區,10,30220
台南市中區榮,1,2020
台南市中正路,1,4000
台南市中華南,1,200
台南市中華東,2,25000
台南市中西區,88,440908
台南市五妃街,1,2020
台南市仁德區,52,272620
台南市佳里,1,5000
台南市佳里區,24,60340
台南市健康路,2,8000
台南市公園南,2,2000
台南市公園路,2,11000
台南市六甲區,7,15100
台南市前鋒路,2,5000
台南市北區中,2,5020
台南市北區公,20,43120
台南市北區力,3,9040
台南市北區勝,3,9040
台南市北區北,14,31680
台南市北區南,1,2020
台南市北區和,2,12020
台南市北區大,17,39560
台南市北區富,1,500
台南市北區實,3,12020
台南市北區小,7,14100
台南市北區崇,2,4040
台南市北區成,2,3020
台南市北區文,15,61820
台南市北區東,4,7040
台南市北區林,3,8080
台南市北區正,1,2020
台南市北區民,2,4040
台南市北區海,13,147080
台南市北區福,1,10000
台南市北區立,1,5000
台南市北區育,6,13020
台南市北區臨,1,2000
台南市北區西,12,57028
台南市北區賢,21,23020
台南市北區長,18,29100
台南市北區開,13,38700
台南市北門區,1,10000
台南市北門路,1,5000
台南市南化區,2,8080
台南市南區中,5,12060
台南市南區健,4,75020
台南市南區公,1,2000
台南市南區國,3,7740
台南市南區塩,1,2020
台南市南區夏,1,2020
台南市南區大,21,53360
台南市南區安,2,4020
台南市南區建,1,2020
台南市南區惠,1,10000
台南市南區慶,1,2020
台南市南區敬,1,2020
台南市南區文,1,1000
台南市南區新,14,48241
台南市南區明,1,2020
台南市南區水,1,2020
台南市南區永,6,11100
台南市南區灣,2,4151
台南市南區興,3,6040
台南市南區萬,2,4040
台南市南區西,3,17020
台南市南區金,6,11060
台南市南區體,1,5000
台南市南園街,1,3000
台南市友愛街,1,20000
台南市善化區,30,80221
台南市大同路,3,17000
台南市大港街,2,3000
台南市學甲區,6,13100
台南市安南區,85,726509
台南市安定區,7,61060
台南市安平區,86,328000
台南市安平路,1,5000
台南市官田區,8,69040
台南市將軍區,6,15060
台南市小東路,2,5000
台南市山上區,6,129020
台南市崇明九,1,2000
台南市崇明路,1,3000
台南市左鎮區,2,12020
台南市平通路,1,5000
台南市府東街,1,500
台南市建南路,1,2000
台南市建平七,2,6000
台南市後壁區,8,17120
台南市得區北,1,2000
台南市心花區,1,10000
台南市文賢路,1,2020
台南市新化區,21,89400
台南市新市區,22,39451
台南市新營區,56,163546
台南市東光路,1,5000
台南市東區,2,22000
台南市東區中,19,103740
台南市東區仁,6,12120
台南市東區光,2,10000
台南市東區凱,1,30000
台南市東區利,1,2020
台南市東區前,2,4020
台南市東區北,2,32020
台南市東區台,1,2020
台南市東區大,9,16600
台南市東區富,6,18060
台南市東區小,3,9020
台南市東區崇,73,529806
台南市東區平,1,4000
台南市東區府,6,12100
台南市東區德,6,18520
台南市東區怡,8,9413
台南市東區慶,2,6000
台南市東區文,6,14260
台南市東區東,39,103448
台南市東區林,13,45080
台南市東區榮,6,28060
台南市東區生,2,12020
台南市東區立,6,12120
台南市東區育,1,2020
台南市東區自,8,35100
台南市東區莊,5,24020
台南市東區衞,2,5000
台南市東區裕,20,73760
台南市東區長,35,122180
台南市東區龍,1,66000
台南市東安路,1,2000
台南市東寧路,2,4020
台南市東山區,7,14140
台南市東成街,1,2000
台南市東門路,1,10000
台南市枊營區,1,2020
台南市林森路,1,4040
台南市柳營區,6,66040
台南市楠西區,2,3020
台南市樹林街,1,3000
台南市歸仁區,35,80360
台南市民德路,1,3000
台南市水康區,1,2020
台南市永南四,1,2020
台南市永康區,254,1739323
台南市永康市,1,30000
台南市永福路,1,5000
台南市永華路,1,2000
台南市玉井區,8,25060
台南市白河,1,7000
台南市白河區,7,23100
台南市福吉三,1,2020
台南市福吉二,1,2000
台南市育平七,1,10000
台南市衞國街,1,2020
台南市裕和路,1,5000
台南市裕農路,2,4040
台南市西港區,2,6060
台南市西賢街,1,2020
台南市西門路,2,6600
台南市賢北街,6,11000
台南市金華路,2,2520
台南市長榮路,9,22111
台南市關廟區,16,40220
台南市鹽水,1,6000
台南市鹽水區,7,13080
台南市麻豆,1,2000
台南市麻豆區,32,90540
台南市龍崎區,1,2000
台南成功路郵,1,2000
台南永康區復,1,2020
台南郵政信箱,1,4000
台南郵政號信,1,6000
台卝市士林區,1,2020
台東市上海街,1,2020
台東市中山路,1,4000
台東市中正路,1,2020
台東市中興路,5,8880
台東市中華路,2,4040
台東市仁三街,1,2020
台東市仁二街,1,2020
台東市仁五街,2,4040
台東市仁六街,1,1600
台東市仁昌街,1,2020
台東市傳廣路,5,11080
台東市光明路,1,6000
台東市光榮街,1,2020
台東市勝利街,1,2020
台東市博愛路,3,12020
台東市四維路,2,7020
台東市大同路,3,6060
台東市大學路,1,2020
台東市大忠路,1,2020
台東市大順路,1,2020
台東市寧波街,1,500
台東市山西路,4,8080
台東市常德路,1,2020
台東市建農里,1,2020
台東市復興路,1,2020
台東市志航路,2,4040
台東市新生路,3,4020
台東市新社一,4,8080
台東市新社三,2,4040
台東市新站一,1,2020
台東市新興路,1,2020
台東市更生路,6,20200
台東市杭州街,2,4040
台東市樂利路,1,2020
台東市正氣北,4,7060
台東市正氣路,2,7020
台東市浙江路,1,2020
台東市漢中街,5,108080
台東市漢陽北,1,2020
台東市知本路,1,2020
台東市知本里,1,1000
台東市精誠路,2,3020
台東市衡陽路,1,2020
台東市豐榮路,1,2020
台東市貴陽街,2,8620
台東市連航路,1,5000
台東市鄭州街,4,8080
台東市長安街,3,6060
台東市長沙街,1,2000
台東市開封街,1,2020
台東市青海路,3,6060
台東縣卑南鄉,14,39820
台東縣台東市,7,23748
台東縣太麻里,3,14020
台東縣成功鎮,13,27220
台東縣東河鄉,1,2020
台東縣池上鄉,10,26140
台東縣綠島鄉,4,7040
台東縣臺東市,29,94670
台東縣蘭嶼鄉,2,4040
台東縣長濱鄉,6,14080
台東縣關山鎮,8,14080
台東縣鹿野鄉,2,5020
台西鄉和豐村,1,2168
哈密街巷弄號,1,30000
嘉義大同路巷,1,3000
嘉義市上海路,3,5040
嘉義市世賢路,12,23720
嘉義市中山路,5,10100
嘉義市中庄里,1,3000
嘉義市中正路,4,20420
嘉義市中興路,1,5000
嘉義市中西區,1,2020
嘉義市仁愛三,1,3000
嘉義市仁愛路,8,114020
嘉義市仁義新,1,500
嘉義市保健街,1,2020
嘉義市保安一,1,2020
嘉義市保安二,1,1000
嘉義市光彩街,5,111040
嘉義市公明路,1,500
嘉義市共和路,2,102020
嘉義市北園街,1,500
嘉義市北文街,1,2000
嘉義市北新路,1,2020
嘉義市北榮街,1,2000
嘉義市北港路,2,7020
嘉義市北湖里,1,2020
嘉義市北鎮街,3,7020
嘉義市南京東,1,2020
嘉義市南京路,3,4020
嘉義市南興路,7,55800
嘉義市博愛路,1,2020
嘉義市博東路,4,20020
嘉義市友孝路,1,2000
嘉義市友愛路,3,7040
嘉義市友竹街,1,2020
嘉義市台斗街,1,2000
嘉義市台林街,1,1000
嘉義市向榮街,1,2020
嘉義市吳鳳北,1,2000
嘉義市吳鳳南,6,16020
嘉義市和平路,1,2000
嘉義市嘉北街,2,7020
嘉義市嘉南街,7,4920
嘉義市嘉工新,1,2020
嘉義市四區重,1,10000
嘉義市四維路,1,2000
嘉義市國泰新,1,2000
嘉義市國華街,2,4020
嘉義市國賢一,1,1000
嘉義市圳頭里,1,2000
嘉義市垂楊路,3,4340
嘉義市大同新,1,2020
嘉義市大同路,3,9040
嘉義市大業街,3,7000
嘉義市大雅路,7,78746
嘉義市姜文街,21,67860
嘉義市學府路,2,8000
嘉義市安和街,5,19000
嘉義市安樂街,1,1000
嘉義市宣信街,3,15020
嘉義市小雅路,2,3220
嘉義市崇文街,1,1000
嘉義市市宅街,2,9200
嘉義市廣寧街,1,2000
嘉義市延平街,2,2000
嘉義市彌陀路,8,32040
嘉義市後庄里,1,2000
嘉義市德惠街,2,3020
嘉義市志昇街,7,44240
嘉義市忠孝路,3,5540
嘉義市忠義街,2,2000
嘉義市成仁街,2,5020
嘉義市教東路,1,1500
嘉義市文化路,4,11040
嘉義市文心街,2,4000
嘉義市文雅街,3,9000
嘉義市新建街,1,2000
嘉義市新榮路,6,57020
嘉義市新生路,5,11060
嘉義市日新街,2,3000
嘉義市朝陽街,2,8020
嘉義市杭州四,1,1500
嘉義市東區世,1,1111
嘉義市東區中,3,104019
嘉義市東區保,4,94020
嘉義市東區公,2,7000
嘉義市東區共,1,2000
嘉義市東區博,6,23000
嘉義市東區台,3,7547
嘉義市東區吳,2,2908
嘉義市東區啟,3,7620
嘉義市東區嘉,1,3000
嘉義市東區圓,2,19999
嘉義市東區大,7,40060
嘉義市東區安,3,6060
嘉義市東區宣,2,7020
嘉義市東區巷,1,2000
嘉義市東區彌,3,4320
嘉義市東區後,1,20000
嘉義市東區忠,5,14680
嘉義市東區教,1,1111
嘉義市東區文,3,64020
嘉義市東區新,3,8080
嘉義市東區日,3,9669
嘉義市東區東,5,11040
嘉義市東區林,12,29240
嘉義市東區民,1,2020
嘉義市東區水,3,22020
嘉義市東區海,1,1000
嘉義市東區溪,1,2020
嘉義市東區玉,1,3000
嘉義市東區盧,1,80000
嘉義市東區立,2,4020
嘉義市東區維,1,1000
嘉義市東區育,1,2020
嘉義市東區興,4,8040
嘉義市東區芳,2,4040
嘉義市東區荖,2,4040
嘉義市東區軍,1,2020
嘉義市東區金,3,20020
嘉義市東區長,3,6060
嘉義市東區鹿,1,20000
嘉義市東洋新,1,2020
嘉義市東義路,4,17040
嘉義市林森東,13,31843
嘉義市民族路,3,9040
嘉義市民權路,3,3000
嘉義市民生北,1,1500
嘉義市民生南,16,50060
嘉義市水源地,1,2000
嘉義市永吉一,1,5000
嘉義市永安街,6,21220
嘉義市永康一,2,6000
嘉義市永康二,1,2000
嘉義市永樂五,1,2020
嘉義市永福一,1,5000
嘉義市溪奧街,1,2000
嘉義市溪興街,3,6060
嘉義市溫州一,1,1000
嘉義市玉山路,1,10000
嘉義市玉峯街,1,3000
嘉義市盧厝里,1,2000
嘉義市維新路,4,4520
嘉義市縣民雄,1,2020
嘉義市義教街,3,6060
嘉義市義教西,1,100000
嘉義市義敦街,1,2000
嘉義市老吸街,1,500
嘉義市育人路,5,13020
嘉義市胡子內,1,2020
嘉義市自強街,2,20000
嘉義市興中街,1,10000
嘉義市興仁街,2,3020
嘉義市興仁里,1,2020
嘉義市興村街,1,2020
嘉義市興業西,4,106040
嘉義市興達路,2,2300
嘉義市芳興街,1,1000
嘉義市蘭州四,1,10000
嘉義市蘭潭里,1,6000
嘉義市西區上,1,1000000
嘉義市西區世,2,9000
嘉義市西區中,7,117796
嘉義市西區仁,6,23000
嘉義市西區何,1,6000
嘉義市西區保,4,9020
嘉義市西區北,5,7670
嘉義市西區南,3,6040
嘉義市西區博,1,2000
嘉義市西區友,2,2000
嘉義市西區吉,1,1000
嘉義市西區向,1,500
嘉義市西區國,2,3020
嘉義市西區垂,3,4208
嘉義市西區大,3,9040
嘉義市西區建,1,2000
嘉義市西區德,3,6060
嘉義市西區志,3,9040
嘉義市西區文,1,1000
嘉義市西區新,11,28660
嘉義市西區杭,1,1000
嘉義市西區民,11,104060
嘉義市西區永,9,25191
嘉義市西區泰,1,2020
嘉義市西區溫,1,2020
嘉義市西區玉,4,20040
嘉義市西區福,2,4040
嘉義市西區竹,3,4540
嘉義市西區紅,1,2000
嘉義市西區美,1,1000
嘉義市西區翠,1,2020
嘉義市西區育,1,3000
嘉義市西區自,3,22202
嘉義市西區興,7,113560
嘉義市西區蘭,3,5040
嘉義市西區西,3,34040
嘉義市西區賢,3,6040
嘉義市西區車,1,2000
嘉義市西區長,1,1000
嘉義市西榮街,5,12020
嘉義市西門街,1,800
嘉義市賢達路,1,5020
嘉義市軍輝路,1,2020
嘉義市金龍街,4,12520
嘉義市青人路,1,300
嘉義市青年街,2,7020
嘉義市體育路,1,1000
嘉義市高鐵大,1,2000
嘉義竹崎鄉鹿,1,2020
嘉義縣中埔鄉,37,166540
嘉義縣六腳鄉,7,23020
嘉義縣大林,1,30000
嘉義縣大林郵,1,200
嘉義縣大林鎮,43,148780
嘉義縣太保市,25,170020
嘉義縣布袋鎮,28,61380
嘉義縣文腳鄉,1,1000
嘉義縣新港鄉,23,51340
嘉義縣朴子,1,3000
嘉義縣朴子市,39,130840
嘉義縣東石鄉,2,3020
嘉義縣梅山鄉,12,112765
嘉義縣梅山鄕,1,2020
嘉義縣民雄,1,100000
嘉義縣民雄鄉,58,226820
嘉義縣民雄鄕,2,4040
嘉義縣水上鄉,64,340880
嘉義縣溪口鄉,5,10040
嘉義縣番路鄉,4,18538
嘉義縣竹崎鄉,30,93940
嘉義縣義竹鄉,7,47540
嘉義縣阿里山,7,110040
嘉義縣鹿草鄉,2,2000
基市基金一路,1,10000
基隆巿暖暖區,1,2020
基隆市七堵區,121,499700
基隆市中山二,2,2000
基隆市中山區,78,161772
基隆市中正區,87,287005
基隆市中正路,5,25000
基隆市中船路,2,2011
基隆市中華路,1,10000
基隆市仁一路,4,18300
基隆市仁愛區,76,281590
基隆市信一路,1,6000
基隆市信二路,3,2500
基隆市信義區,114,383958
基隆市八堵路,1,1000
基隆市六堵二,1,2000
基隆市劉銘傳,1,3000
基隆市南新街,1,1500
基隆市喛暖區,1,2020
基隆市基金一,2,7020
基隆市孝一路,2,4500
基隆市孝二路,1,500
基隆市孝賢里,1,1000
基隆市安一路,1,2000
基隆市安和一,2,2000
基隆市安樂,1,5000
基隆市安樂區,229,728196
基隆市安樂路,2,9000
基隆市崇信街,1,3000
基隆市崇法街,1,1000
基隆市延平街,1,8888
基隆市復興街,1,1000
基隆市復興路,1,1000
基隆市愛三路,3,3000
基隆市成功一,1,1000
基隆市成功二,1,10000
基隆市文化路,1,3000
基隆市新西街,1,1000
基隆市新豐街,2,15000
基隆市暖暖區,75,432891
基隆市暖暖街,1,1000
基隆市東信路,1,1000
基隆市樂利三,3,8731
基隆市正信路,4,9000
基隆市正榮街,1,1000
基隆市源遠路,1,6000
基隆市獅球路,2,18000
基隆市百二街,1,1000
基隆市祥豐街,2,3100
基隆市立德路,1,1000
基隆市華二街,1,1000
基隆市郵政第,1,2000
基隆市麥金路,4,10500
基隆郵政第之,1,10000
大直街巷號樓,1,1666
安德街號樓,1,2000
宜蘭市中山路,5,15060
宜蘭市中興路,4,8080
宜蘭市中華路,1,1000
宜蘭市光復路,1,3000
宜蘭市公園路,1,1000
宜蘭市凱旋路,3,6060
宜蘭市國榮路,1,2020
宜蘭市大坡路,3,4020
宜蘭市女中路,5,10728
宜蘭市宜中路,1,2020
宜蘭市嵐峰路,3,6060
宜蘭市延平路,2,4040
宜蘭市建軍里,1,2020
宜蘭市弘志路,1,3000
宜蘭市復興里,1,10000
宜蘭市成功路,2,4040
宜蘭市文化里,1,3500
宜蘭市新民路,1,2020
宜蘭市東後街,2,4000
宜蘭市東港路,4,8080
宜蘭市校舍路,2,4040
宜蘭市梅洲一,1,4040
宜蘭市樹人路,1,2020
宜蘭市民族路,1,2020
宜蘭市民權新,6,13080
宜蘭市泰山路,7,13080
宜蘭市津梅路,1,2020
宜蘭市神農路,2,4040
宜蘭市縣政一,1,2020
宜蘭市縣政六,1,2020
宜蘭市縣政北,1,2020
宜蘭市自強路,4,6040
宜蘭市軍民路,1,1000
宜蘭市農權路,2,4040
宜蘭市進士路,1,1000
宜蘭市陽明二,1,4040
宜蘭縣三星鄉,11,60040
宜蘭縣五結鄉,39,96168
宜蘭縣冬山,1,3000
宜蘭縣冬山郷,1,2020
宜蘭縣冬山鄉,40,314248
宜蘭縣員山鄉,31,118459
宜蘭縣壯圍鄉,18,44680
宜蘭縣大同鄉,4,7040
宜蘭縣宜蘭,2,2000
宜蘭縣宜蘭市,134,685426
宜蘭縣礁溪鄉,43,139700
宜蘭縣羅東,2,2000
宜蘭縣羅東鎮,97,332461
宜蘭縣蘇澳鎮,38,102080
宜蘭縣頭城鎮,20,172499
寶山街號,1,2020
小港區山田路,1,8000
屏東南灣路號,1,1000
屏東巿博愛路,1,2020
屏東市中山路,1,1000
屏東市中柳路,1,2020
屏東市中正路,6,13080
屏東市中華路,1,2020
屏東市仁愛里,1,5000
屏東市信義路,1,2020
屏東市光復路,1,2020
屏東市內埔鄉,2,2000
屏東市公勇路,1,3000
屏東市公勤一,1,2000
屏東市公勤街,1,2020
屏東市公園西,1,5000
屏東市公正三,2,5000
屏東市公義街,1,2020
屏東市公興路,1,2020
屏東市公裕街,9,86599
屏東市前進里,1,2020
屏東市勝利路,1,2020
屏東市北興街,1,2020
屏東市協和路,1,2020
屏東市古松西,1,2020
屏東市台糖一,4,11000
屏東市台糖三,1,2020
屏東市和平路,2,4040
屏東市和生路,7,12231
屏東市大同路,1,2020
屏東市大東里,1,3000
屏東市大武路,1,2000
屏東市大武里,5,14500
屏東市大洲里,3,6060
屏東市大湖里,1,2020
屏東市大連路,7,14020
屏東市崇德一,2,4040
屏東市崇德路,1,2200
屏東市崇明四,1,4040
屏東市崇武路,1,111
屏東市崇蘭路,1,2020
屏東市崇蘭里,6,13060
屏東市崇陽街,2,4020
屏東市工業二,1,2020
屏東市工業五,1,2020
屏東市工業路,2,4040
屏東市康定街,3,2500
屏東市廣州街,1,2020
屏東市廣東南,3,7060
屏東市廣東路,14,26720
屏東市建國路,1,2000
屏東市建興南,2,4040
屏東市建豐路,7,15060
屏東市徐州路,2,7020
屏東市復興南,3,4620
屏東市復興路,2,6060
屏東市德豐街,1,1000
屏東市忠孝路,1,4040
屏東市成都街,1,2020
屏東市松西巷,1,1000
屏東市林森路,2,2720
屏東市棒球路,1,2020
屏東市機場北,7,13120
屏東市武威街,1,2020
屏東市武愛街,2,8686
屏東市武成街,1,2020
屏東市武順街,4,10040
屏東市歸義巷,1,1000
屏東市民享,1,2020
屏東市民享路,1,1000
屏東市民學,1,500
屏東市民學路,4,9040
屏東市民富街,4,8040
屏東市民教路,1,2020
屏東市民族路,3,6060
屏東市民生東,3,7560
屏東市民生路,1,1000
屏東市民興路,1,2020
屏東市民貴二,1,2020
屏東市永大路,1,5000
屏東市洛陽街,2,3020
屏東市淩雲里,1,3000
屏東市清寧街,2,4020
屏東市潭墘里,1,2020
屏東市潭漧里,1,2020
屏東市潮州鎮,1,2000
屏東市玉成里,2,2320
屏東市瑞光路,1,200
屏東市瑞光里,3,19020
屏東市福建路,1,2020
屏東市精忠巷,1,2020
屏東市自由路,2,4040
屏東市自立南,4,9060
屏東市自立路,1,10000
屏東市興豐路,1,2000
屏東市莊敬街,4,8020
屏東市華二街,1,1000
屏東市華夏路,1,2020
屏東市華盛三,1,2020
屏東市華盛街,3,10040
屏東市萬丹鄉,1,5000
屏東市蘭州街,1,1000
屏東市豐年街,2,5000
屏東市豐榮街,2,4020
屏東市豐榮里,1,2020
屏東市豐華街,4,55020
屏東市迪化街,2,2000
屏東市香揚巷,2,3020
屏東市高豐街,1,2020
屏東市龍華路,1,2020
屏東竹田鄉大,1,2020
屏東縣三地門,1,1000
屏東縣九如鄉,19,64140
屏東縣佳冬鄉,11,33560
屏東縣來義鄉,4,11020
屏東縣內埔鄉,127,486051
屏東縣内埔鄉,1,2020
屏東縣南卅鄉,1,2020
屏東縣南州鄉,8,28508
屏東縣屏東,1,2000
屏東縣屏東市,507,2477714
屏東縣崁頂鄉,8,64060
屏東縣恆春鎮,33,198680
屏東縣恒春鎮,1,2020
屏東縣新園鄉,15,76220
屏東縣新埤鄉,6,11262
屏東縣春日鄉,1,3000
屏東縣東港鎮,82,348050
屏東縣枋寮鄉,27,89720
屏東縣枋山鄉,12,34191
屏東縣林邊郷,1,2020
屏東縣林邊鄉,20,56702
屏東縣武愛街,1,3000
屏東縣泰武鄉,1,1110
屏東縣滿州鄉,8,32300
屏東縣潮州鎭,2,4040
屏東縣潮州鎮,114,395770
屏東縣潮洲鎮,1,3000
屏東縣牡丹鄉,1,1000
屏東縣獅子鄉,3,10040
屏東縣琉球鄉,8,33797
屏東縣瑪家鄉,4,15051
屏東縣竹田鄉,15,35140
屏東縣萬丹鄉,40,85605
屏東縣萬巒鄉,17,92640
屏東縣車城鄉,8,38100
屏東縣里港鄉,40,131980
屏東縣長治,1,5000
屏東縣長治鄉,48,121920
屏東縣霧台鄉,1,5000
屏東縣霧臺鄉,1,2000
屏東縣高樹鄉,9,28520
屏東縣鹽埔鄉,26,558640
屏東縣麟洛鄉,26,128170
屛東縣東港鎮,1,3000
屛東縣潮州鎮,1,2020
彰七市長興街,1,2020
彰化巿公園路,1,2020
彰化市一心南,2,4040
彰化市一心東,1,4588
彰化市三村里,1,2020
彰化市三民路,3,5540
彰化市下廍里,1,2020
彰化市中央路,1,2020
彰化市中山路,13,86100
彰化市中正路,5,17060
彰化市中興路,2,4000
彰化市中華路,2,4040
彰化市仁愛路,1,2020
彰化市介壽北,1,2020
彰化市介壽南,2,2000
彰化市公園路,4,26222
彰化市南安里,1,20000
彰化市南興街,1,20000
彰化市南郭路,3,8080
彰化市博愛路,1,2000
彰化市卦山里,1,2020
彰化市向陽街,3,6060
彰化市向陽里,1,2020
彰化市和平路,8,19140
彰化市國聖路,2,102020
彰化市埔北街,1,2020
彰化市埔南街,2,4040
彰化市埔市街,1,2000
彰化市埔陽街,1,2020
彰化市大埔路,5,11060
彰化市大智路,1,2020
彰化市天祥路,1,2020
彰化市安平街,1,2020
彰化市安溪東,2,4040
彰化市安溪路,1,2020
彰化市山中街,2,4040
彰化市崙平南,3,14020
彰化市平和七,1,2020
彰化市平和三,1,4040
彰化市延和里,2,100000
彰化市延平路,4,8080
彰化市建國北,1,2020
彰化市彰南路,6,20100
彰化市彰美路,2,4040
彰化市彰興街,1,2020
彰化市彰興路,1,2020
彰化市彰草路,2,4040
彰化市復興里,1,2020
彰化市成功路,1,2020
彰化市旭光路,1,2020
彰化市林森路,1,200
彰化市桃源里,2,4040
彰化市民族路,1,5000
彰化市民生路,1,2020
彰化市泰和中,1,2020
彰化市泰和路,1,2020
彰化市泰安二,1,2020
彰化市泰安街,1,2020
彰化市福山里,1,3000
彰化市自強南,4,6260
彰化市自強路,3,14040
彰化市英士路,1,2020
彰化市茄苳路,2,4040
彰化市華山路,3,87020
彰化市華陽街,2,4040
彰化市裕民街,1,6000
彰化市西勢街,2,5020
彰化市西興東,1,2020
彰化市辭修北,2,12020
彰化市辭修路,2,4040
彰化市金馬路,2,4000
彰化市長壽街,1,2000
彰化市長興街,3,6060
彰化市龍山里,1,3000
彰化縣二林鎭,1,2020
彰化縣二林鎮,36,215380
彰化縣二水,1,40000
彰化縣二水鄉,20,55400
彰化縣伸港街,1,2020
彰化縣伸港鄉,35,209420
彰化縣北斗鎮,22,90140
彰化縣和美,1,1000
彰化縣和美鎮,88,521061
彰化縣員林員,1,10000
彰化縣員林巿,1,2020
彰化縣員林市,187,936007
彰化縣員林是,3,10200
彰化縣員林浮,1,2020
彰化縣員林鎮,21,32508
彰化縣埔心鄉,33,99241
彰化縣埔鹽鄉,16,174180
彰化縣埤頭鄉,16,58240
彰化縣大城鄉,7,30948
彰化縣大村鄉,18,124740
彰化縣市,1,2020
彰化縣彰化市,299,1925287
彰化縣永靖鄉,25,89560
彰化縣泰瑞街,1,1000
彰化縣港西村,1,2000
彰化縣溪州鄉,20,113900
彰化縣溪州鎮,1,3000
彰化縣溪湖鎮,52,317272
彰化縣田中鎮,65,179302
彰化縣田尾鄉,16,85380
彰化縣田尾鄕,1,2020
彰化縣社頭鄉,41,659168
彰化縣福興,1,5000
彰化縣福興鄉,25,254868
彰化縣秀水,1,20000
彰化縣秀水鄉,37,159948
彰化縣竹塘鄉,7,14040
彰化縣線西鄉,8,26100
彰化縣芬園鄉,8,22680
彰化縣花壇鄉,59,114590
彰化縣芳苑,1,5000
彰化縣芳苑鄉,22,255340
彰化縣鹿港鎮,102,803640
彰新路段巷弄,1,2020
文山區福興路,3,9000
斗六市銀南街,1,2000
新北三重區仁,1,2020
新北三重區正,1,3000
新北勢中和區,3,7520
新北勢土城區,1,1110
新北勢新店,1,5000
新北勢板橋區,1,5000
新北勢林口區,1,5000
新北勢樹林區,1,1000
新北勢淡水區,2,13000
新北巿三峽區,2,4040
新北巿三重區,3,6060
新北巿中和區,2,3020
新北巿五股區,1,2020
新北巿土城區,2,4040
新北巿新莊區,1,6060
新北巿林口區,4,8080
新北巿樹林區,3,6060
新北巿永和路,1,2020
新北巿汐止區,1,2020
新北巿淡水區,1,2020
新北巿瑞芳區,1,2020
新北市三峡區,1,2020
新北市三峽区,1,3000
新北市三峽區,270,1422390
新北市三峽國,1,2020
新北市三芝區,42,272180
新北市三重,1,3000
新北市三重區,694,5164613
新北市上城區,1,1000
新北市中和,8,88000
新北市中和中,1,2020
新北市中和區,1525,7748134
新北市中和路,1,2020
新北市中和連,1,3000
新北市中央路,1,70000
新北市中正路,2,5000
新北市中華街,1,100000
新北市五股區,155,885605
新北市仁愛路,1,2020
新北市光華街,1,1000
新北市八里,2,52020
新北市八里中,1,3000
新北市八里區,75,287007
新北市北城區,2,4000
新北市北新路,1,1000
新北市北橋區,1,2000
新北市北深路,2,11000
新北市南雅南,3,3000
新北市博愛街,1,2000
新北市圓通路,1,1000
新北市土城,2,2000
新北市土城中,1,2020
新北市土城區,393,1818048
新北市土城興,1,600
新北市大智街,1,2020
新北市新店,4,38000
新北市新店中,1,2020
新北市新店區,1648,10872147
新北市新店安,1,2020
新北市新店屈,4,19100
新北市新店路,1,5000
新北市新店達,1,2020
新北市新店驅,1,2000
新北市新荘區,1,2020
新北市新莊,3,11000
新北市新莊區,782,5588590
新北市新莊市,3,6060
新北市景平路,1,500
新北市木柵區,1,20000
新北市板橋,2,2000
新北市板橋區,1192,9028920
新北市板橋大,1,2020
新北市板橋市,1,2020
新北市板橋陽,1,2020
新北市林口,2,7000
新北市林口區,460,3196182
新北市林口文,1,2020
新北市樹林,1,100000
新北市樹林區,404,2255161
新北市樹林大,1,10000
新北市民生街,1,8000
新北市永和,8,24200
新北市永和区,1,10000
新北市永和區,950,5348482
新北市永和郵,1,2020
新北市汐止,1,3000
新北市汐止區,690,4211111
新北市汐止市,1,2020
新北市泰山,2,6000
新北市泰山區,107,285772
新北市淡水,2,3520
新北市淡水區,738,6586376
新北市淡水新,1,1500
新北市淡水民,1,2020
新北市淡金路,2,14500
新北市深坑區,154,413580
新北市烏來區,2,8020
新北市瑞芳區,46,238980
新北市石碇區,8,69060
新北市石門,1,5000
新北市石門區,8,13080
新北市稅林區,1,3000
新北市縣民大,1,10000
新北市興南路,1,5000
新北市萬里區,14,38140
新北市蘆州區,1,2020
新北市蘆洲中,1,2020
新北市蘆洲區,250,1412588
新北市貢寮區,2,3000
新北市重慶南,2,100000
新北市金山區,19,301360
新北市長安街,1,550
新北市雙溪區,3,7040
新北市鶯歌區,123,522080
新北新店區溪,1,25000
新北是八里區,1,500
新北永和區中,1,3000
新北永和區竹,2,4040
新店北新路二,1,3000
新店區三民路,1,1000
新店區寶安街,1,3600
新店區新烏路,1,1000
新店市永業路,1,3000
新竹中正路號,2,4000
新竹巿北大路,1,2020
新竹巿經國路,1,2020
新竹市三民路,4,93040
新竹市世傑路,3,40000
新竹市世界街,2,8020
新竹市中和區,2,4920
新竹市中和路,2,12020
新竹市中埔里,1,2020
新竹市中央路,8,32100
新竹市中山路,14,244400
新竹市中正路,14,43060
新竹市中福路,1,10000
新竹市中華路,19,80200
新竹市中街湳,1,27000
新竹市二南雅,1,2020
新竹市五福路,1,2020
新竹市仁德街,1,2020
新竹市仁愛街,4,4020
新竹市元培街,1,2020
新竹市光復路,26,278770
新竹市光明新,1,6000
新竹市光明里,1,100
新竹市光榮東,1,2000
新竹市光華二,10,53060
新竹市光華南,1,24000
新竹市光華東,4,8000
新竹市光華街,1,1000
新竹市八德路,6,24040
新竹市公園,1,1000
新竹市公園路,5,10220
新竹市公道五,16,212691
新竹市凌雲,1,20000
新竹市凌雲街,4,13040
新竹市力行路,1,2020
新竹市北區,1,1000
新竹市北區中,11,25860
新竹市北區仁,2,4020
新竹市北區光,10,19100
新竹市北區凌,9,35040
新竹市北區勝,1,2020
新竹市北區北,4,16020
新竹市北區南,2,4040
新竹市北區和,1,600
新竹市北區四,1,1000
新竹市北區境,3,9640
新竹市北區天,2,4040
新竹市北區延,3,7040
新竹市北區建,1,5000
新竹市北區德,1,1000
新竹市北區成,4,22020
新竹市北區文,2,6000
新竹市北區東,10,39040
新竹市北區林,2,2500
新竹市北區武,25,104130
新竹市北區江,1,2020
新竹市北區海,1,2020
新竹市北區港,1,2000
新竹市北區湳,4,23020
新竹市北區竹,2,11000
新竹市北區經,7,210080
新竹市北區金,10,52060
新竹市北大路,14,37220
新竹市北門街,2,4040
新竹市千甲里,2,4040
新竹市南大路,13,50040
新竹市南湖路,2,3500
新竹市博博愛,2,4000
新竹市博愛街,10,75168
新竹市原興路,1,2020
新竹市吉羊路,6,18000
新竹市和平路,3,15320
新竹市四維路,4,55040
新竹市園後街,3,4000
新竹市土城區,1,500
新竹市土鄰里,1,3000
新竹市城北街,5,14540
新竹市埔頂一,2,28000
新竹市埔頂路,3,6020
新竹市培英街,3,14000
新竹市境福街,1,2000
新竹市大同路,1,1000
新竹市大同里,1,3000
新竹市大學路,7,73040
新竹市大庄路,1,1000
新竹市大湖路,2,3020
新竹市天府路,1,2020
新竹市學府路,4,5000
新竹市安康,1,2020
新竹市宮口街,4,13020
新竹市富群街,2,12000
新竹市寶山路,8,19100
新竹市寶山鄉,1,2000
新竹市崧嶺路,5,19020
新竹市工業東,1,60000
新竹市延平路,20,55280
新竹市建中一,6,24130
新竹市建中路,2,3200
新竹市建功,1,6000
新竹市建功一,17,46660
新竹市建新路,8,26040
新竹市建美路,1,2000
新竹市德成街,1,2000
新竹市志平路,3,17574
新竹市忠孝路,5,11672
新竹市惠民街,1,2020
新竹市慈濟路,2,7020
新竹市慈紀錄,1,4000
新竹市成功路,4,23220
新竹市成德路,3,54000
新竹市振興一,2,5020
新竹市振興路,3,9000
新竹市文化街,4,8080
新竹市文采街,1,1000
新竹市文雅街,1,2020
新竹市新安路,2,80000
新竹市新店區,2,6000
新竹市新民里,1,1118
新竹市新源街,4,54020
新竹市新莊街,5,8060
新竹市明湖,1,3000
新竹市明湖路,23,267540
新竹市東光路,2,2520
新竹市東勢街,1,2000
新竹市東區,1,12000
新竹市東區三,2,25000
新竹市東區世,1,2000
新竹市東區中,8,125040
新竹市東區仙,1,600
新竹市東區仰,1,2000
新竹市東區仲,2,100000
新竹市東區光,27,335340
新竹市東區八,8,24000
新竹市東區公,13,202100
新竹市東區創,3,8020
新竹市東區北,3,13020
新竹市東區千,3,6060
新竹市東區南,4,16020
新竹市東區博,4,4000
新竹市東區國,1,500
新竹市東區園,2,5020
新竹市東區埔,14,76060
新竹市東區培,4,16020
新竹市東區大,5,39980
新竹市東區安,1,1000
新竹市東區寶,1,2000
新竹市東區巷,1,2000
新竹市東區建,23,190751
新竹市東區復,1,500
新竹市東區忠,2,4020
新竹市東區惠,1,1000
新竹市東區慈,4,19028
新竹市東區振,3,18000
新竹市東區文,3,6060
新竹市東區新,8,15100
新竹市東區明,19,112560
新竹市東區東,12,55557
新竹市東區柴,10,21560
新竹市東區民,11,32400
新竹市東區湖,3,250000
新竹市東區澤,2,12020
新竹市東區瑞,6,33080
新竹市東區田,2,5020
新竹市東區研,1,2020
新竹市東區科,5,125300
新竹市東區竹,2,4020
新竹市東區篤,1,2020
新竹市東區經,6,14640
新竹市東區綠,1,1000
新竹市東區西,2,4040
新竹市東區親,1,2000
新竹市東區豐,1,20000
新竹市東區金,12,139040
新竹市東區錦,2,4600
新竹市東區長,4,14928
新竹市東區関,1,3000
新竹市東區關,12,159768
新竹市東區食,2,3020
新竹市東區體,2,4040
新竹市東區高,7,187577
新竹市東區龍,11,73060
新竹市東南街,3,6060
新竹市東園街,1,2020
新竹市東大路,22,46960
新竹市東山街,5,11520
新竹市東建功,1,10000
新竹市東明街,11,29360
新竹市東華路,1,2020
新竹市東門街,6,8680
新竹市林森路,1,2020
新竹市柏川二,1,1000
新竹市柴橋里,3,10000
新竹市武陵巷,1,2000
新竹市武陵西,5,12000
新竹市武陵路,86,396864
新竹市民主路,1,5000
新竹市民享一,2,4020
新竹市民享街,1,100000
新竹市民富街,1,3000
新竹市民族路,5,20600
新竹市民權路,5,10100
新竹市民湖路,2,11000
新竹市民生路,5,112020
新竹市民路號,1,2080
新竹市水利路,2,3020
新竹市水田街,3,14040
新竹市江山街,1,2020
新竹市浦雅街,1,3000
新竹市浸水北,2,12020
新竹市浸水南,1,2020
新竹市清華,1,3000
新竹市清華大,2,30000
新竹市湖口區,1,10000
新竹市湳中街,3,93000
新竹市湳雅街,12,44520
新竹市演藝路,3,20900
新竹市牛埔北,2,4020
新竹市牛埔南,2,5520
新竹市牛埔東,3,10040
新竹市牛埔路,4,8020
新竹市牛埔鋪,1,2000
新竹市玄奘路,3,6000
新竹市瑞麟路,1,2020
新竹市田美三,4,12040
新竹市研發二,1,10000
新竹市磐石路,1,2020
新竹市福德街,2,3000
新竹市科園里,2,10000
新竹市科學園,8,1160060
新竹市科學工,1,100000
新竹市竹光路,6,126060
新竹市竹北市,3,12000
新竹市竹蓮街,4,6140
新竹市經國路,16,37220
新竹市育德街,1,2000
新竹市育英路,2,2000
新竹市自由路,4,66060
新竹市興學街,2,6060
新竹市舊港路,6,36040
新竹市花園街,2,8020
新竹市西大路,7,25100
新竹市西安街,1,2020
新竹市西濱路,1,2000
新竹市西門里,1,2000
新竹市警光路,1,5000
新竹市金城,1,500
新竹市金城一,9,42060
新竹市金山北,1,200
新竹市金山街,3,5051
新竹市金山里,3,6031
新竹市金竹路,3,5040
新竹市錦華街,1,4000
新竹市鐵道路,5,14020
新竹市長和街,1,2020
新竹市長春街,7,17220
新竹市長興街,1,2020
新竹市關新北,1,500
新竹市關新東,1,2020
新竹市關新西,2,3000
新竹市關新路,2,4040
新竹市關東路,2,14000
新竹市集賢街,1,1680
新竹市頂竹里,1,1000
新竹市頂美街,1,600
新竹市食品路,2,10111
新竹市香山區,57,273316
新竹市香村路,3,5040
新竹市高峰路,10,40020
新竹市高翠路,4,6000
新竹市麗山街,2,3020
新竹市龍山東,2,12020
新竹市龍山西,2,5000
新竹科學園區,1,1000
新竹科學工業,1,2020
新竹縣上山村,1,2000
新竹縣五峰鄉,3,6040
新竹縣北埔鄉,15,46120
新竹縣寶山,1,5000
新竹縣寶山鄉,47,453494
新竹縣尖石鄉,2,7666
新竹縣峨眉鄉,6,15100
新竹縣新埔鎮,53,174893
新竹縣新竹市,1,2000
新竹縣新豐鄉,84,583396
新竹縣橫山鄉,23,109240
新竹縣湖口興,1,2020
新竹縣湖口鄉,124,1183855
新竹縣湖口鄕,1,5000
新竹縣科學園,1,1000
新竹縣竹北,1,10000
新竹縣竹北巿,6,12120
新竹縣竹北市,510,4249032
新竹縣竹東郵,1,2020
新竹縣竹東鎮,248,1200070
新竹縣芎林鄉,35,125910
新竹縣關西鎮,35,112960
新莊區中正路,1,3000
新莊區民安路,1,2200
新莊郵局第號,1,100
會址嘉義縣,1,14200
木柵路三段巷,1,7000
木柵郵政號,1,8000
板橋區國台街,1,10000
板橋市民生路,1,3000
枋寮鄉天時村,2,3000
桃園中壢區龍,1,10000
桃園區介壽路,1,8000
桃園區國際路,1,2020
桃園區坤成街,1,2000
桃園區大興西,1,2020
桃園區文化里,1,10000
桃園區春日路,1,2020
桃園區桃園區,1,2020
桃園區民富十,1,2020
桃園區民有東,1,10000
桃園區經國路,4,800
桃園巿八德區,1,4040
桃園巿桃園區,1,1600
桃園市,1,3000
桃園市三元街,1,30000
桃園市三民路,2,31000
桃園市中區后,1,2020
桃園市中埔二,1,2000
桃園市中壢,3,54000
桃園市中壢區,1223,6740320
桃園市中壢工,1,30000
桃園市中壢市,2,6020
桃園市中壢平,1,10000
桃園市中山路,1,25000
桃園市中平路,1,5000
桃園市中正路,4,19000
桃園市中歷區,1,2020
桃園市亀山區,3,43000
桃園市五福五,1,2020
桃園市仁德一,1,3000
桃園市介壽路,1,2020
桃園市保羅街,1,40000
桃園市八德,1,1000
桃園市八德區,350,1699407
桃園市八德市,1,2000
桃園市北埔里,1,1200
桃園市區,1,2020
桃園市同德五,1,3000
桃園市國強一,1,1000
桃園市國強七,1,30000
桃園市國聖一,1,10000
桃園市國豐三,1,500
桃園市坤成之,1,500
桃園市壽昌街,1,20000
桃園市大原路,1,50000
桃園市大園區,122,952034
桃園市大有路,1,5000
桃園市大業路,1,10000
桃園市大溪,1,68000
桃園市大溪區,180,546490
桃園市大溪鎮,1,2020
桃園市大興路,1,2000
桃園市大西區,2,12000
桃園市巴德區,1,2020
桃園市平鎭區,1,2020
桃園市平鎮,1,1000
桃園市平鎮区,1,1000
桃園市平鎮區,491,2063010
桃園市平鎮市,1,2000
桃園市平镇區,1,2020
桃園市建國路,1,1000
桃園市復興區,8,10040
桃園市成功路,7,34000
桃園市新埔八,1,10000
桃園市新屋區,64,389731
桃園市明德里,1,3000
桃園市桃,1,100000
桃園市桃園區,1199,7414405
桃園市桃源區,1,2020
桃園市楊梅,3,13000
桃園市楊梅區,387,1954669
桃園市正光路,1,30000
桃園市民有三,1,10000
桃園市泰山里,1,1000
桃園市益壽二,4,9000
桃園市益壽八,1,1000
桃園市美光街,2,4000
桃園市莊敬路,1,1000
桃園市菓林三,1,1000
桃園市蘆洲區,1,2000
桃園市蘆竹區,379,2124637
桃園市蘆竹市,1,2020
桃園市觀音區,68,277780
桃園市金山街,1,1000
桃園市長沙街,2,2000
桃園市陽明街,1,1000
桃園市龍潭區,409,1953191
桃園市龍谭區,1,2020
桃園市龜山,1,1000
桃園市龜山中,1,10000
桃園市龜山光,1,1000
桃園市龜山區,381,1698409
桃園市龜山鄉,3,3000
桃園縣中壢區,2,4520
桃園縣大園區,1,2020
桃園縣籚竹鄉,1,5000
桃園縣龍潭區,1,2020
桃園縣龜山區,1,2020
桃園蘆竹區仁,1,2020
桃市大興西路,1,3000
桃桃園區三民,1,2020
桃源南順一街,1,3000
樹林市八德街,1,16800
永光村光華路,1,5000
永和區信義路,1,1500
永和區福和路,1,2020
永和郵政號信,1,2020
汐止區,1,5000
江寧路段巷號,1,5000
沙鹿區南斗路,1,2020
淡水區中山北,2,102100
淡水郵政號,1,3000
潮州鎮永春里,1,10000
澎湖縣七美鄉,1,3000
澎湖縣望安鄉,1,2020
澎湖縣湖西鄉,10,29100
澎湖縣白沙鄉,7,24131
澎湖縣西嶼鄉,6,13040
澎湖縣馬公,1,5000
澎湖縣馬公市,89,504036
石牌路一段巷,1,2000
竹北市三民路,1,3000
竹北市勝利六,1,2000
竹北市國強街,1,2000
竹南里鄰管仲,1,3000
竹東鎮東富街,1,2000
義嘉市北社尾,1,2020
義義市民生南,1,2020
自立路巷號樓,1,1000
臺中市中區三,2,2000
臺中市中區中,1,1000
臺中市中區光,4,8000
臺中市中區公,3,2500
臺中市中區台,1,2000
臺中市中區大,1,10000
臺中市中區成,2,4112
臺中市中區柳,2,40000
臺中市中區民,2,51000
臺中市健行路,1,10000
臺中市光後合,1,5000
臺中市北區三,6,9020
臺中市北區中,5,59000
臺中市北區二,1,6000
臺中市北區五,3,24040
臺中市北區健,3,27040
臺中市北區北,5,21700
臺中市北區博,2,4000
臺中市北區國,5,24000
臺中市北區大,2,5500
臺中市北區太,15,54700
臺中市北區富,1,3000
臺中市北區山,5,15020
臺中市北區崇,5,45000
臺中市北區德,3,12000
臺中市北區忠,11,162800
臺中市北區敦,1,1000
臺中市北區文,5,26500
臺中市北區日,2,101000
臺中市北區明,1,2000
臺中市北區東,3,5020
臺中市北區梅,8,134700
臺中市北區榮,4,4000
臺中市北區武,2,7000
臺中市北區民,2,4000
臺中市北區永,4,5120
臺中市北區漢,5,6691
臺中市北區篤,1,1000
臺中市北區綏,5,12000
臺中市北區绥,1,1000
臺中市北區美,2,20000
臺中市北區育,12,47141
臺中市北區自,9,30200
臺中市北區興,1,100
臺中市北區英,5,210000
臺中市北區華,6,28688
臺中市北區衛,3,7000
臺中市北區賴,4,2800
臺中市北區進,7,26040
臺中市北區錦,12,48000
臺中市北區陜,2,11000
臺中市北區陝,1,6000
臺中市北區青,5,26520
臺中市北屯區,328,2223407
臺中市南區三,3,9000
臺中市南區五,13,70080
臺中市南區仁,2,52020
臺中市南區信,5,18500
臺中市南區光,2,6620
臺中市南區公,1,20000
臺中市南區南,5,17040
臺中市南區台,7,32000
臺中市南區合,1,3000
臺中市南區國,1,1011
臺中市南區大,5,10760
臺中市南區學,1,1000
臺中市南區崇,4,16000
臺中市南區工,10,23580
臺中市南區干,1,2020
臺中市南區平,2,8020
臺中市南區建,6,30600
臺中市南區復,7,27620
臺中市南區德,5,8000
臺中市南區忠,9,46040
臺中市南區懷,1,3000
臺中市南區文,3,5020
臺中市南區新,2,102020
臺中市南區東,6,11080
臺中市南區正,1,2020
臺中市南區永,1,6688
臺中市南區江,2,53000
臺中市南區瑞,4,18020
臺中市南區福,10,75322
臺中市南區美,7,43000
臺中市南區興,1,1200
臺中市南區黎,1,2000
臺中市南屯區,162,1069661
臺中市后里區,41,281059
臺中市和平區,3,7120
臺中市四川路,1,7000
臺中市外埔區,16,53320
臺中市大安區,3,10000
臺中市大甲區,39,141451
臺中市大肚區,34,247061
臺中市大里區,162,845627
臺中市大雅區,62,529098
臺中市太平區,175,718497
臺中市崇德路,1,5000
臺中市工業區,1,1000
臺中市建國南,1,3000
臺中市新社區,21,62400
臺中市東勢區,50,300580
臺中市東區一,1,2000
臺中市東區三,2,4020
臺中市東區京,1,2020
臺中市東區力,1,1000
臺中市東區十,5,18000
臺中市東區合,1,20000
臺中市東區大,7,29500
臺中市東區富,3,19200
臺中市東區建,14,44520
臺中市東區德,1,6600
臺中市東區振,5,8750
臺中市東區旱,4,5020
臺中市東區東,13,48080
臺中市東區樂,1,10000
臺中市東區玉,1,10000
臺中市東區福,5,27300
臺中市東區精,3,30000
臺中市東區練,4,4600
臺中市東區育,2,6000
臺中市東區自,1,8000
臺中市東區興,2,8000
臺中市東區進,6,18040
臺中市東區長,1,5000
臺中市梅川西,3,300000
臺中市梧棲區,27,104276
臺中市民權路,2,12020
臺中市沙鹿區,70,316330
臺中市清水區,41,127938
臺中市潭子加,1,10000
臺中市潭子區,55,236939
臺中市烏日區,38,169910
臺中市石岡區,7,12620
臺中市神岡區,39,378762
臺中市篤行路,1,3000
臺中市精誠十,1,11000
臺中市經貿二,1,1500
臺中市自由路,1,6000
臺中市興隆路,1,2000
臺中市西區三,4,13000
臺中市西區上,1,1000
臺中市西區中,6,27600
臺中市西區五,15,277560
臺中市西區仁,1,10000
臺中市西區公,5,31920
臺中市西區南,2,2320
臺中市西區博,1,2020
臺中市西區台,6,83020
臺中市西區向,9,226140
臺中市西區四,1,1000
臺中市西區大,10,80820
臺中市西區太,2,1380
臺中市西區巷,1,3000
臺中市西區市,1,50000
臺中市西區平,1,10000
臺中市西區府,1,2000
臺中市西區康,1,200
臺中市西區建,1,1500
臺中市西區忠,7,29620
臺中市西區昇,2,7516
臺中市西區明,4,37300
臺中市西區東,1,1000
臺中市西區梅,1,3000
臺中市西區樂,8,7970
臺中市西區模,3,9040
臺中市西區民,3,132000
臺中市西區永,1,1000
臺中市西區福,1,66000
臺中市西區篤,1,1000
臺中市西區精,10,42731
臺中市西區美,4,6600
臺中市西區自,4,15500
臺中市西區臺,1,100000
臺中市西區華,15,195548
臺中市西區金,2,10000
臺中市西區長,2,2000
臺中市西屯區,247,2844411
臺中市西屯路,1,1000
臺中市豐原區,155,770565
臺中市逢甲路,1,20000
臺中市長安路,1,3000
臺中市霧峰區,48,318667
臺中市龍井區,40,270342
臺北市三民路,2,12000
臺北市中坡南,1,1000
臺北市中山北,16,582500
臺北市中山區,434,5121311
臺北市中正區,316,4391186
臺北市中華路,1,3000
臺北市仁愛路,7,23271
臺北市信義區,414,3478787
臺北市信義路,6,147000
臺北市光復北,5,33300
臺北市光復南,5,204000
臺北市內湖區,475,5329021
臺北市內湖大,1,3000
臺北市內湖成,1,2020
臺北市內湖路,4,104000
臺北市八德路,2,55000
臺北市北安路,1,5000
臺北市北投區,417,4334183
臺北市南京東,10,65000
臺北市南港區,151,1324981
臺北市南港研,1,1000
臺北市南港路,2,22000
臺北市南陽郵,1,4000
臺北市合江街,1,6600
臺北市吉林路,4,80000
臺北市吳興街,3,110500
臺北市和平東,7,40020
臺北市和平西,6,291000
臺北市嘉興街,2,2500
臺北市基河路,1,2020
臺北市基湖路,2,21000
臺北市基隆路,2,20000
臺北市士東路,1,2000
臺北市士林區,358,3414457
臺北市大同區,116,2501979
臺北市大埔街,1,6000
臺北市大安仁,1,3000
臺北市大安區,757,15484463
臺北市大安路,3,53020
臺北市大直街,3,14000
臺北市天母北,1,6600
臺北市天母東,2,8020
臺北市天津街,1,3000
臺北市天玉街,1,10000
臺北市安和路,4,24000
臺北市安居街,2,15500
臺北市富錦街,1,20000
臺北市寧波東,1,5000
臺北市寧波西,2,33000
臺北市市民大,1,2000
臺北市師大路,1,3000
臺北市延吉街,1,2020
臺北市延壽街,2,3000
臺北市延平北,1,10000
臺北市建國北,5,165000
臺北市建國南,3,25020
臺北市復興北,1,3000
臺北市復興南,7,143020
臺北市德行東,1,10000
臺北市忠孝東,24,208199
臺北市忠誠路,1,20000
臺北市懷德街,1,30000
臺北市成福路,2,30000
臺北市成都路,1,1000
臺北市承德路,5,35500
臺北市撫遠街,1,2000
臺北市敦化北,4,44000
臺北市敦化南,6,24060
臺北市敬業三,1,2020
臺北市文山區,505,3685433
臺北市新南路,1,2000
臺北市新東街,1,20000
臺北市新生北,2,4000
臺北市新生南,2,13600
臺北市景福街,2,7000
臺北市木柵政,1,500
臺北市木柵路,2,4000
臺北市木柵郵,1,5000
臺北市杭州南,1,20000
臺北市東陽街,1,5000
臺北市松山區,380,4340457
臺北市松山路,1,1000
臺北市松江路,2,16000
臺北市樟新街,1,3000
臺北市民族東,3,14000
臺北市民權東,5,59502
臺北市民權路,1,5000
臺北市民生東,5,17989
臺北市水源路,1,3000
臺北市永吉路,1,30000
臺北市汀洲路,2,11000
臺北市泉州街,1,30000
臺北市泰順街,1,1000
臺北市浦城街,1,10000
臺北市溫州街,4,7550
臺北市濟南路,1,2000
臺北市玉成街,2,30000
臺北市環山路,1,3000
臺北市環河北,1,2020
臺北市福德二,1,2000
臺北市福德街,1,5000
臺北市經貿二,1,20000
臺北市羅斯福,7,57020
臺北市臥龍街,2,5000
臺北市興安街,2,110000
臺北市興隆路,1,4000
臺北市莊敬路,1,3000
臺北市萬大路,1,1000
臺北市萬盛街,2,20000
臺北市萬華區,184,981036
臺北市虎林街,1,200
臺北市衡陽路,1,20000
臺北市裕民一,1,6000
臺北市西寧南,1,2000
臺北市西藏路,1,1500
臺北市試院路,1,1000
臺北市辛亥路,7,110720
臺北市遼寧街,2,25000
臺北市郵政之,2,11666
臺北市郵政信,2,4000
臺北市重慶南,1,1000
臺北市金華街,1,5000
臺北市長安東,1,5000
臺北市長安西,1,4000
臺北市長興街,1,2000
臺北市青年路,1,2000
臺北市麗水街,1,2000
臺北市龍江路,1,10000
臺北郵政號,1,1000
臺南市七股區,2,3000
臺南市下營區,14,36840
臺南市中華北,1,1000
臺南市中華南,1,6000
臺南市中華西,1,3000
臺南市中西區,94,473374
臺南市仁德區,57,352400
臺南市佳里區,35,111825
臺南市六甲區,8,17000
臺南市功安三,1,2000
臺南市勝利路,1,3000
臺南市北區中,5,13520
臺南市北區公,12,37040
臺南市北區力,2,2000
臺南市北區北,18,80436
臺南市北區南,1,2000
臺南市北區合,1,10000
臺南市北區和,2,40500
臺南市北區大,10,15220
臺南市北區實,8,9600
臺南市北區小,9,35070
臺南市北區崇,1,5000
臺南市北區文,4,23500
臺南市北區旭,2,3000
臺南市北區東,4,12000
臺南市北區林,4,3500
臺南市北區正,2,4040
臺南市北區武,1,1000
臺南市北區民,1,2020
臺南市北區海,1,1000
臺南市北區育,4,16000
臺南市北區臨,1,2000
臺南市北區西,6,13470
臺南市北區賢,9,18000
臺南市北區長,17,48340
臺南市北區開,10,82000
臺南市北成路,1,20000
臺南市北門區,1,1000
臺南市北門路,5,10080
臺南市南化區,8,29000
臺南市南區三,2,4040
臺南市南區中,10,33042
臺南市南區五,2,21000
臺南市南區仁,1,10000
臺南市南區健,2,2000
臺南市南區公,1,50000
臺南市南區南,1,1000
臺南市南區台,1,10000
臺南市南區喜,1,1000
臺南市南區國,10,40920
臺南市南區大,15,35020
臺南市南區學,1,1000
臺南市南區尊,1,1000
臺南市南區德,2,5000
臺南市南區文,3,10000
臺南市南區新,4,13600
臺南市南區明,6,10500
臺南市南區水,1,2500
臺南市南區永,4,5700
臺南市南區灣,1,500
臺南市南區美,53,71000
臺南市南區育,2,12000
臺南市南區興,7,19130
臺南市南區裕,1,1000
臺南市南區西,10,23040
臺南市南區金,6,16120
臺南市南區體,1,10000
臺南市南區高,1,5000
臺南市南區鯤,3,4000
臺南市南區鹽,1,8000
臺南市善化區,34,320180
臺南市大內區,1,20000
臺南市大同路,3,25000
臺南市大林路,1,3000
臺南市學甲區,7,29580
臺南市安中路,1,60000
臺南市安南區,87,336594
臺南市安定區,9,35540
臺南市安平區,86,571680
臺南市安平路,1,1500
臺南市官田區,13,57000
臺南市山上區,1,10000
臺南市崇善街,1,1000
臺南市左鎮區,8,35511
臺南市後壁區,14,48900
臺南市新化區,24,86110
臺南市新市區,29,62160
臺南市新營區,101,426930
臺南市新興路,1,200
臺南市東區中,27,324640
臺南市東區仁,4,4000
臺南市東區光,2,40000
臺南市東區凱,3,54020
臺南市東區利,3,3000
臺南市東區勝,4,10820
臺南市東區大,22,56108
臺南市東區安,2,12000
臺南市東區富,6,15820
臺南市東區小,8,17111
臺南市東區崇,60,305379
臺南市東區府,7,129619
臺南市東區建,3,8000
臺南市東區德,5,26600
臺南市東區怡,1,10000
臺南市東區新,1,2020
臺南市東區東,21,102520
臺南市東區松,1,3000
臺南市東區林,14,53220
臺南市東區榮,4,4000
臺南市東區民,1,2000
臺南市東區王,1,2000
臺南市東區生,1,1000
臺南市東區立,2,4040
臺南市東區育,1,5000
臺南市東區自,3,5000
臺南市東區莊,4,17120
臺南市東區衛,1,1000
臺南市東區裕,35,112951
臺南市東區西,1,5000
臺南市東區長,16,43540
臺南市東區關,1,20202
臺南市東區青,1,30000
臺南市東區鯤,1,2000
臺南市東安路,1,500
臺南市東山區,7,30820
臺南市柳營區,19,59100
臺南市楠西區,3,15000
臺南市歸仁區,48,637990
臺南市永康區,231,1209965
臺南市永福路,1,2222
臺南市永華路,1,3000
臺南市海安路,3,300000
臺南市玉井區,10,85131
臺南市白河區,20,211780
臺南市興南街,1,2000
臺南市莊敬路,1,1000
臺南市西港區,4,8520
臺南市西門路,1,1500
臺南市觀亭街,1,5000
臺南市資北街,2,2000
臺南市賢北街,2,2000
臺南市金華路,1,3000
臺南市長榮路,10,18700
臺南市開南街,1,3000
臺南市關廟區,24,179100
臺南市青年路,1,5000
臺南市體育路,1,5000
臺南市鹽水區,13,134000
臺南市麻豆區,43,130420
臺南市龍崎區,1,2000
臺南縣歸仁,1,2000
臺東縣卑南鄉,10,35720
臺東縣大武鄉,2,2500
臺東縣太麻里,8,12000
臺東縣延平鄉,1,1500
臺東縣成功鎮,7,41020
臺東縣東河鄉,3,14628
臺東縣池上鄉,15,35700
臺東縣海端鄉,2,4020
臺東縣綠島鄉,4,8000
臺東縣臺東市,161,677668
臺東縣達仁鄉,3,15000
臺東縣長濱鄉,2,2000
臺東縣關山鎮,14,43211
臺東縣鹿野鄉,6,16456
花蓮巿中興路,2,4040
花蓮巿國富十,1,2020
花蓮巿德安二,1,2020
花蓮巿林森路,1,2020
花蓮巿民樂三,1,2020
花蓮巿福建街,1,2020
花蓮巿鎮國街,1,2020
花蓮市三民街,1,10000
花蓮市中原路,1,2020
花蓮市中和街,1,4040
花蓮市中央路,2,4040
花蓮市中山路,12,25246
花蓮市中正路,2,10000
花蓮市中福,1,2000
花蓮市中美三,1,2020
花蓮市中美十,1,5000
花蓮市中順街,3,14040
花蓮市仁愛街,1,2020
花蓮市介林,2,23000
花蓮市介林三,1,2020
花蓮市光復街,1,2020
花蓮市吉安鄉,1,15000
花蓮市國富二,2,4040
花蓮市國富十,1,1000
花蓮市國民四,1,2020
花蓮市國盛五,1,2020
花蓮市國盛六,1,20200
花蓮市國聯一,2,8020
花蓮市國聯二,1,2020
花蓮市國聯四,3,6060
花蓮市國興一,1,20200
花蓮市國興五,1,200
花蓮市大同街,3,10040
花蓮市富裕街,1,6060
花蓮市府前路,1,2020
花蓮市延平街,1,10000
花蓮市建國路,3,5040
花蓮市建安街,1,2020
花蓮市建成街,3,10706
花蓮市建華路,1,2020
花蓮市德安二,1,2020
花蓮市德安六,2,6060
花蓮市成功街,1,2020
花蓮市明禮路,1,2020
花蓮市東興一,1,2000
花蓮市松園街,1,2020
花蓮市林三路,1,1000
花蓮市林森路,5,18080
花蓮市榮正街,3,5620
花蓮市民享里,1,2020
花蓮市民國路,2,4020
花蓮市民德一,2,12020
花蓮市民德四,1,2020
花蓮市民權九,3,6040
花蓮市民權二,3,6060
花蓮市民權八,1,2020
花蓮市民權路,2,4040
花蓮市永安街,1,2020
花蓮市永興路,1,2020
花蓮市海岸路,1,2020
花蓮市球崙二,1,2020
花蓮市福光街,1,20200
花蓮市福建街,1,2020
花蓮市美工六,1,2020
花蓮市菁華街,1,5000
花蓮市鎮國街,1,2020
花蓮市長安街,1,2020
花蓮縣光復鄉,11,41700
花蓮縣卓溪鄉,4,9040
花蓮縣吉安鄉,238,994913
花蓮縣吉安鄕,2,3040
花蓮縣壽豐鄉,39,104260
花蓮縣安椰仁,1,3000
花蓮縣富里鄉,14,50240
花蓮縣新城鄉,30,1075720
花蓮縣民享一,1,2000
花蓮縣玉里鎮,54,222896
花蓮縣瑞穗鄉,7,22080
花蓮縣秀林鄉,7,19631
花蓮縣花蓮市,219,1141965
花蓮縣萬榮鄉,1,2020
花蓮縣鳳林鎮,21,46220
苓雅區中正二,1,50000
苗栗市三山號,1,2020
苗栗市上苗里,3,9040
苗栗市中央路,1,2020
苗栗市中山路,2,12020
苗栗市中正路,10,20560
苗栗市中苗里,2,4040
苗栗市信義街,1,2020
苗栗市光復路,1,2020
苗栗市勝利路,1,2020
苗栗市勝利里,2,4040
苗栗市北安街,1,2020
苗栗市北苗里,2,4040
苗栗市嘉新里,2,4040
苗栗市嘉盛里,1,1000
苗栗市國華路,3,7040
苗栗市大同路,2,4040
苗栗市大同里,1,2020
苗栗市尚義街,1,2020
苗栗市幸福街,2,4040
苗栗市府前路,1,1000
苗栗市恭敬里,1,2020
苗栗市文山里,5,10100
苗栗市文發路,1,2020
苗栗市文聖理,1,2000
苗栗市文聖里,1,2020
苗栗市新苗里,2,4040
苗栗市新都街,2,60000
苗栗市水源里,7,15100
苗栗市為公路,2,4040
苗栗市玉清街,1,1680
苗栗市玉維路,1,2020
苗栗市玉華里,4,8080
苗栗市福安里,3,6020
苗栗市福星街,1,5000
苗栗市福星里,1,2020
苗栗市福麗里,4,10040
苗栗市維勝街,1,6000
苗栗市維新里,3,6060
苗栗市維祥街,1,10000
苗栗市維祥里,2,4040
苗栗市縣府路,2,4040
苗栗市育英街,1,2020
苗栗市自強路,1,2020
苗栗市自治路,1,2020
苗栗市至公路,1,4040
苗栗市金鳳街,1,2000
苗栗市青苗里,1,2020
苗栗市頭份市,1,3000
苗栗市饒平街,1,2020
苗栗市高苗里,2,5020
苗栗竹南建國,1,10000
苗栗縣三灣鄉,14,38180
苗栗縣三義,1,10000
苗栗縣三義鄉,31,150280
苗栗縣公館福,1,2020
苗栗縣公館鄉,67,205348
苗栗縣卓蘭鎮,15,43220
苗栗縣南庄鄉,36,79560
苗栗縣南莊鄉,1,2020
苗栗縣大湖,2,3000
苗栗縣大湖鄉,47,97820
苗栗縣後龍鎮,39,147220
苗栗縣泰安鄉,4,161060
苗栗縣獅潭鄉,8,33080
苗栗縣竹南郵,1,1000
苗栗縣竹南鎭,6,12120
苗栗縣竹南鎮,151,888720
苗栗縣苑裡,1,5000
苗栗縣苑裡鎮,60,197951
苗栗縣苗栗,1,6000
苗栗縣苗栗市,206,710579
苗栗縣西湖鄉,4,26060
苗栗縣通霄鎮,38,133780
苗栗縣造橋鄉,36,168865
苗栗縣銅鑼鄉,70,230120
苗栗縣頭份,1,10000
苗栗縣頭份市,225,724781
苗栗縣頭份鎮,16,49220
苗栗縣頭屋鄉,17,38780
華城六街號,1,5000
蘆洲區信義路,2,8000
虎尾鎮東明路,1,3000
虎尾鎮林三路,1,2020
連江縣北竿鄉,3,10108
連江縣南竿鄉,19,90171
連江縣東引鄉,1,2020
連江縣縣莒光,1,2020
連江縣莒光鄉,5,11080
郵政信箱,1,10000
金門縣烈嶼鄉,10,25020
金門縣金城,1,3000
金門縣金城鎮,36,246977
金門縣金寧鄉,13,37720
金門縣金沙鎮,14,124580
金門縣金湖鎮,16,51940
金門金城鎮民,1,10000
金門顯金城鎮,1,1000
雲林北港鎮光,1,3000
雲林斗六市大,1,2020
雲林県斗南鎮,1,2020
雲林縣二崙鄉,18,155140
雲林縣元長郷,1,2020
雲林縣元長鄉,11,32120
雲林縣北港,1,5000
雲林縣北港鎮,55,164040
雲林縣口湖鄉,10,69100
雲林縣古坑鄉,29,607022
雲林縣台西鄉,10,28180
雲林縣四湖鄉,6,42220
雲林縣土庫鎮,21,69320
雲林縣大埤鄉,4,6200
雲林縣崙背鄉,9,107100
雲林縣斗六市,215,1322609
雲林縣斗南鎮,60,227208
雲林縣東勢鄉,10,16300
雲林縣林內鄉,11,26571
雲林縣水林鄉,3,7040
雲林縣臺西鄉,6,14040
雲林縣莿桐鄉,23,85260
雲林縣虎尾,1,10000
雲林縣虎尾鎮,119,811255
雲林縣褒忠鄉,9,69080
雲林縣西螺鎮,62,328362
雲林縣麥寮鄉,21,120380
雲林虎尾鎮西,1,2020
雲縣斗六市保,1,2020
馬公市西衛里,1,2020
馬公郵政信,1,1000
馬祖南竿清水,1,10000
高市三民區教,1,1000
高市三民區民,1,3000
高市左營區政,1,2020
高市楠梓區,1,2020
高市鳳山區新,1,3500
高市鼓山區,1,2000
高雄仁武區赤,1,10000
高雄使楠梓區,1,2020
高雄大樹區久,1,2020
高雄小港區水,1,3000
高雄左營郵政,1,2400
高雄巿三民區,1,2020
高雄巿前金區,1,2020
高雄巿左營區,1,2020
高雄巿林園區,1,2020
高雄巿苓雅區,1,2020
高雄巿鳳山區,3,6060
高雄市七賢一,1,2000
高雄市七賢二,1,4000
高雄市三多一,1,20200
高雄市三多三,2,4020
高雄市三民,2,103000
高雄市三民中,1,1000
高雄市三民區,1543,10761183
高雄市中山橫,1,2000
高雄市中華一,1,2000
高雄市中華五,1,10000
高雄市二聖一,1,5000
高雄市五福一,1,2000
高雄市仁武區,305,2188913
高雄市仁武路,1,2020
高雄市光華二,1,3000
高雄市內門區,8,16560
高雄市八卦里,1,1000
高雄市六龜區,17,32000
高雄市前峰郵,1,2000
高雄市前金區,242,3970338
高雄市前鎭區,8,16160
高雄市前鎮,2,17520
高雄市前鎮区,1,1000
高雄市前鎮區,833,8674028
高雄市勤鎮區,1,1000
高雄市南屏路,1,100000
高雄市博愛四,1,3000
高雄市厭山區,1,50000
高雄市和平一,2,4500
高雄市和平二,1,10000
高雄市四維三,1,10000
高雄市四維二,3,33000
高雄市圓山路,1,10000
高雄市大寮,2,15000
高雄市大寮區,285,1769730
高雄市大書區,1,6000
高雄市大樹區,82,715579
高雄市大社區,82,306592
高雄市大豐一,1,2000
高雄市大順一,1,5000
高雄市大順三,2,1500
高雄市大順二,5,9000
高雄市小港中,1,2020
高雄市小港區,433,2793047
高雄市尚義街,1,1000
高雄市山東街,1,1000
高雄市岡山區,422,2644428
高雄市左營,1,8000
高雄市左營區,1236,11614157
高雄市左營政,1,2020
高雄市左營榮,1,2020
高雄市左營郵,1,2020
高雄市左管區,1,50000
高雄市廣昌街,1,2020
高雄市建功路,1,6000
高雄市建國一,4,26000
高雄市建國二,1,1000
高雄市建國路,2,15000
高雄市彌陀區,58,271186
高雄市復興三,1,3600
高雄市忠孝一,1,2020
高雄市成功一,1,3000
高雄市新田路,1,50000
高雄市新興,1,8000
高雄市新興區,347,3424456
高雄市新興郵,1,16000
高雄市新莊一,3,11600
高雄市旗山,1,3000
高雄市旗山區,58,301613
高雄市旗山民,1,2020
高雄市旗津三,1,3000
高雄市旗津區,20,55330
高雄市明哲路,1,6000
高雄市杉林區,9,32520
高雄市林園區,102,394872
高雄市林森一,2,3520
高雄市桃源區,2,6040
高雄市梓官區,54,196569
高雄市森民區,1,5000
高雄市楠梓,1,3000
高雄市楠梓區,659,3288019
高雄市橋頭,2,13888
高雄市橋頭區,95,418050
高雄市橋頭去,1,2020
高雄市正義路,1,2020
高雄市武廟路,1,2020
高雄市武德街,1,1000
高雄市武昌路,1,3000
高雄市民族一,1,2000
高雄市民族二,1,2000
高雄市民權一,2,4020
高雄市民生二,1,100000
高雄市永安區,29,115968
高雄市河北一,1,60000
高雄市河南一,2,2000
高雄市泰順街,1,1000
高雄市洛陽街,1,3000
高雄市湖內區,36,265060
高雄市湖內鄉,6,902000
高雄市湖内區,1,40000
高雄市烏松區,1,2000
高雄市燕巢區,51,212240
高雄市田寮區,4,37020
高雄市甲仙區,9,59020
高雄市笭雅區,1,2020
高雄市綏遠一,2,4000
高雄市美濃區,77,235940
高雄市美術南,1,80000
高雄市美術東,1,1688
高雄市美賢街,1,5000
高雄市臥龍路,2,90000
高雄市苓雅,1,20000
高雄市苓雅二,1,1000
高雄市苓雅區,974,6809087
高雄市茂林區,1,2020
高雄市茄定區,11,28020
高雄市茄萣區,21,64920
高雄市路竹區,116,611652
高雄市路竹郵,1,3000
高雄市郵局,1,3000
高雄市長明街,1,10000
高雄市阿蓮,1,5000
高雄市阿蓮區,35,356793
高雄市馬卡道,1,3600
高雄市鳥松,1,20000
高雄市鳥松區,235,1947206
高雄市鳥松鄉,1,2020
高雄市鳯山區,21,47440
高雄市鳳屏二,1,2020
高雄市鳳山,1,3000
高雄市鳳山區,1360,7928269
高雄市鳳山市,1,2020
高雄市鹽埕區,105,2295979
高雄市鹽堤區,1,40000
高雄市鼎力路,1,10000
高雄市鼓山,1,5000
高雄市鼓山三,4,14000
高雄市鼓山區,839,6471204
高雄市鼓山漚,1,2020
高雄縣大寮,1,10000
高雄郵政號,1,3000
高雄長庚醫院,1,3000
髙雄市楠梓區,2,4040
髙雄市鼓山區,1,20000
鳳山區南光街,1,3000
鳳山區文化西,1,3000
龍岡,1,2020
