money,name,id,owner,capital,status
2000000,璞吉廣告股份有限公司,52365254,李忠恕,"15,000,000",核准設立
2000000,揚潤營造股份有限公司,91759468,許智峰,"65,000,000",核准設立
2000000,環球購物中心股份有限公司,80296032,馬志綱,"4,500,000,000",核准設立
1500000,冠誠生活股份有限公司,24332140,馬志綱,"200,000,000",核准設立
1300000,仁鼎國際開發股份有限公司,28217796,王悅娜,"20,000,000",核准設立
1000000,修行者工程股份有限公司,13087325,張家齊,"7,000,000",核准設立
1000000,​國廣營造有限公司,54306035,張國龍,"120,000,000",核准設立
1000000,國廣機械工程有限公司,84179438,張創為,"80,000,000",核准設立
1000000,​國雋機械工程有限公司,86781898,張源福,"5,000,000",核准設立
1000000,毅宜工業股份有限公司,07656805,吳建亨,"380,000,000",核准設立
1000000,常鋐投資股份有限公司,80330926,姚文良,"570,000,000",核准設立
1000000,裕鋐投資股份有限公司,80331782,李盈助,"1,770,000,000",核准設立
1000000,得鋐投資股份有限公司,80337097,李盈助,"1,440,000,000",核准設立
1000000,常德投資股份有限公司,96970638,李盈助,"300,000,000",核准設立
1000000,海悅開發股份有限公司,27998528,黃希文,"150,000,000",核准設立
1000000,新苑興業股份有限公司,43942987,黃文辰,"860,000,000",核准設立
1000000,亞昕國際開發股份有限公司,89961389,姚連地,"5,000,000,000",核准設立
1000000,長榮桂冠葡萄酒坊股份有限公司,27768568,陳炳傑,"28,000,000",核准設立
1000000,長賀興業股份有限公司,70367070,張明珠,"110,000,000",核准設立
1000000,亞洲聯合國際貿易有限公司,80485625,蔡宗元,"3,512,000",核准設立
1000000,博訊科技股份有限公司,84895158,陳英俊,"400,000,000",核准設立
1000000,立捷國際股份有限公司,89480262,江文亮,"1,193,061,100",核准設立
1000000,京琠科技股份有限公司,53919985,周興國,"200,000,000",
1000000,巨全投資股份有限公司,43737297,董俊仁,"300,000,000",核准設立
1000000,樸新廣告股份有限公司,54180423,李忠恕,"265,000,000",核准設立
1000000,僑蓮建設股份有限公司,28566371,李勇志,"292,100,000",核准設立
1000000,大昶有限公司,07648313,蔡彩華,"100,000,000",核准設立
1000000,益實實業股份有限公司,20736042,丁永詳,"50,400,000",核准設立
1000000,磐亞股份有限公司,05712099,王貴賢,"4,800,000,000",核准設立
1000000,久津實業股份有限公司,59003799,王貴賢,"2,000,000,000",核准設立
1000000,格菱股份有限公司,84201918,王貴賢,"195,000,000",核准設立
1000000,鏵泰投資開發股份有限公司,52509554,黃文辰,"580,000,000",核准設立
1000000,暘潤開發投資股份有限公司,53331401,黃文辰,"50,000,000",核准設立
1000000,萬鍀開發投資股份有限公司,53331599,黃文辰,"50,000,000",核准設立
1000000,觀音山建設股份有限公司,27393014,林建邦,"100,000,000",核准設立
1000000,恆泰豐物產股份有限公司,42811327,黃清華,"177,730,000",
1000000,宜得利投資股份有限公司,83290672,李貴枝,"9,980,000",
1000000,惡名昭彰股份有限公司,82801985,陳之漢,"29,000,000",核准設立
1000000,正欣投資股份有限公司,84893314,王人正,"51,000,000",核准設立
1000000,品欣投資股份有限公司,86690736,王人正,"46,000,000",核准設立
1000000,豐光投資股份有限公司,28847844,李淑敏,"300,000,000",核准設立
1000000,志上投資股份有限公司,83362561,蔣珊,"483,040,000",核准設立
1000000,木可公關行銷有限公司,90012695,李文娟,"2,500,000",核准設立
1000000,九福有限公司,54757185,薛智仁,"10,000,000",核准設立
1000000,宏陽營造有限公司,54623779,張榮宏,"90,000,000",核准設立
1000000,興和精密紡織股份有限公司,86861392,高溪川,"250,000,000",核准設立
1000000,明國興業有限公司,22826483,林曾淑娟,"10,000,000",核准設立
1000000,明宗行貿易有限公司,75252962,林英明,"10,000,000",核准設立
1000000,東源營造工程股份有限公司,05159231,陳玉梅,"1,000,000,000",核准設立
1000000,大成不銹鋼工業股份有限公司,22318348,謝麗雲,"18,000,000,000",核准設立
1000000,遠隆開發股份有限公司,23417710,陳玉梅,"5,000,000,000",核准設立
1000000,大成國際鋼鐵股份有限公司,28754606,謝麗雲,"20,000,000,000",核准設立
1000000,丟架環球商貿有限公司,53805076,張世昌,"500,000",核准設立
1000000,華潤建設股份有限公司,53761393,游啟仁,"244,000,000",核准設立
1000000,藝世紀裝潢有限公司,54357272,單旭達,"1,000,000",核准設立
1000000,震南鐵線股份有限公司,86540792,黃錦榮,"600,000,000",核准設立
1000000,昇展國際資訊股份有限公司,12922156,梁煌政,"7,500,000",核准設立
1000000,德陽投資股份有限公司,27808626,周銘輝,"51,000,000",核准設立
1000000,璞毅開發股份有限公司,24969042,李忠恕,"69,000,000",核准設立
1000000,新享生活股份有限公司,28701550,陳玫伊,"50,000,000",
1000000,捷高國際有限公司,43755528,胡自強,"5,000,000",核准設立
1000000,滿線整合行銷有限公司,54583170,鄧杏如,"5,000,000",核准設立
1000000,謙順行股份有限公司,03604406,杜恒誼,"198,240,000",核准設立
1000000,國原營造股份有限公司,33857130,許再勝,"330,000,000",核准設立
1000000,綠能奈米科技有限公司,29050730,梁舒婷,"45,000,000",核准設立
1000000,滿福投資股份有限公司,29050990,陳威志,"100,000,000",核准設立
1000000,滿欣投資股份有限公司,53962504,陳貞吟,"30,000,000",核准設立
1000000,滿順投資股份有限公司,54253874,陳奎謙,"56,800,000",核准設立
1000000,第一名店股份有限公司,80663515,王義郎,"50,000,000",核准設立
1000000,宏都投資有限公司,16007346,黃梨香,"50,000,000",核准設立
1000000,盛香投資有限公司,45149040,黃梨香,"29,990,000",核准設立
1000000,盛香基因科技股份有限公司,63789407,黃梨香,"10,000,000",核准設立
1000000,春淵建設股份有限公司,24628333,賴春淵,"141,500,000",核准設立
1000000,日友水產股份有限公司,22000270,柯俊明,"196,000,000",核准設立
1000000,駐龍科技股份有限公司,28875030,王昆生,"60,000,000",核准設立
1000000,正格投資股份有限公司,23639396,辛建德,"90,000,000",核准設立
1000000,國興畜產股份有限公司,86660894,林桂添,"750,000,000",核准設立
1000000,九亨國際股份有限公司,27848388,蔡啓芳,"35,800,000",核准設立
1000000,勇翔工程有限公司,53885492,鄭郁輝,"12,000,000",核准設立
1000000,富禾環保科技有限公司,54542283,丁汝霆,"3,000,000",核准設立
1000000,正荃營造工程有限公司,86461353,鄭翔釋,"100,000,000",核准設立
1000000,中港砂石企業股份有限公司,55764796,蔡易霖,"150,000,000",核准設立
1000000,昂昇工程行,21332722,王清亮,"8,000,000",
1000000,喬隆工程有限公司,42976473,洪家蓁,"8,000,000",
1000000,晟盛工程興業有限公司,53640791,林秋程,"5,000,000",核准設立
1000000,大吉汽車企業股份有限公司,22253106,徐金治,"58,000,000",核准設立
1000000,德吉國際有限公司,54626585,蔡昆憲,"20,000,000",核准設立
1000000,信明交通股份有限公司,23710340,梁秀英,"13,000,000",核准設立
1000000,晉岦車業行,47648774,林坤鋒,"50,000",核准設立
1000000,筑軒室內設計有限公司,59143790,林坤鋒,"1,000,000",核准設立
1000000,晨暉加油站股份有限公司,96891260,李金璋,"10,000,000",核准設立
1000000,三裕運輸股份有限公司,13034539,蔡季樺,"25,000,000",核准設立
1000000,富鋼防蝕有限公司,28711234,陳文欽,"5,000,000",核准設立
1000000,臺南企業股份有限公司,68919702,楊青峯,"2,000,000,000",核准設立
1000000,多慶投資股份有限公司,16862221,陳建造,"16,605,600",核准設立
1000000,有限責任台中市第二信用合作社,51814009,,,
1000000,環隆科技股份有限公司,52878846,歐正明,"2,047,460,000",核准設立
1000000,瑞成金銀珠寶有限公司,16557263,蔡梓文,"2,000,000",核准設立
1000000,東徽電力股份有限公司,50948732,蔡琮翔,"2,400,000,000",核准設立
1000000,澤成工程有限公司,54824570,林明鴻,"3,000,000",核准設立
1000000,佳香品味有限公司,90515423,黃文泳,"5,000,000",核准設立
1000000,快樂屋圖書文具廣場,99518983,陳金波,"3,000,000",核准設立
1000000,美港聯和股份有限公司,12950188,汪俊宏,"195,000,000",核准設立
1000000,允鑫五金工業股份有限公司,22511863,柯男烈,"29,000,000",核准設立
1000000,佑神電子遊戲場業股份有限公司,89411961,凃佩勳,"500,000,000",核准設立
1000000,建興石業股份有限公司,89637118,黃建堯,"35,000,000",核准設立
1000000,惠寶國際股份有限公司,80523579,施勝善,"15,000,000",核准設立
1000000,漢神購物中心股份有限公司,97290286,侯嘉騏,"2,000,000,000",核准設立
1000000,創揚室內裝修企業股份有限公司,31333550,林山富,"80,000,000",核准設立
1000000,周昌發工程有限公司,24676643,呂家銘,"10,000,000",核准設立
1000000,壯觀帷幕牆股份有限公司,52819235,陳冠君,"80,000,000",核准設立
1000000,仲川餐飲事業,92194003,劉仲瑋,"100,000",核准設立
1000000,小樽日本料理股份有限公司,54822968,林坤山,"10,000,000",核准設立
1000000,聯上開發股份有限公司,22659295,蘇永義,"3,500,000,000",核准設立
1000000,德安五金行,60390185,王明局,"5,000,000",核准設立
1000000,燦通企業股份有限公司,70386610,楊皓翔,"100,000,000",核准設立
1000000,佳勝科技股份有限公司,12961045,李弘榮,"800,000,000",
1000000,寶民貿易股份有限公司,22463638,林正東,"203,638,350",核准設立
1000000,加發投資股份有限公司,28853009,林正東,"126,280,000",核准設立
1000000,寧漢企業股份有限公司,86119323,孫靜源,"30,000,000",核准設立
1000000,寳禎建設股份有限公司,28136871,周白琇,"150,000,000",核准設立
1000000,凱客食品行,57974663,王永郎,"50,000",核准設立
1000000,歐聯環保科技有限公司,28306170,李品緯,"5,000,000",核准設立
1000000,晶麗企業股份有限公司,27551738,周春宏,"28,850,000",核准設立
1000000,太威百貨有限公司,53577299,洪志強,"1,000,000",核准設立
1000000,啟丞企業有限公司,76312897,蘇政明,"20,000,000",核准設立
1000000,盛華人力資源股份有限公司,80577764,林正庸,"25,000,000",核准設立
1000000,盛華管理顧問股份有限公司,83472477,陳重庚,"5,000,000",核准設立
1000000,東星眼鏡,26026693,施泯言,"50,000",
1000000,冠德建設股份有限公司,30900892,馬志綱,"6,500,000,000",核准設立
900000,珺富投資有限公司,52595615,林奇瑩,"100,000,000",核准設立
850000,智電工程有限公司,54519451,林金財,"1,000,000",核准設立
800000,高整企業有限公司,54193546,黃昭榮,"5,000,000",核准設立
800000,啟動國際商場有限公司,54508172,曾銘堂,"10,000,000",核准設立
800000,饗賓餐旅事業股份有限公司,79955280,陳啓昌,"380,000,000",核准設立
750000,三峽瀝青股份有限公司,86943084,羅志毓,"180,000,000",核准設立
700000,人杰老四川餐飲管理顧問股份有限公司,28836494,宇辰投資有限公司,"300,000,000",核准設立
700000,小牛企業有限公司,83581691,盧永盛,"5,000,000",核准設立
650000,中陸工業股份有限公司,28728220,羅祥安,"15,000,000",核准設立
600000,裕國冷凍冷藏股份有限公司,23641978,楊育偉,"2,100,000,000",核准設立
600000,盈泰科技股份有限公司,33238407,陳錫南,"270,000,000",核准設立
600000,萬機鋼鉄工業股份有限公司,88318994,白智龍,"510,000,000",核准設立
600000,瑞成珠寶銀樓,20452733,蔡凱文,"200,000",核准設立
585000,享溫馨企業股份有限公司,29004693,李東和,"500,000,000",核准設立
550000,秀泰建設開發股份有限公司,54872636,陳秀蘭,"50,500,000",核准設立
500000,漢皇開發股份有限公司,27638600,孫正乾,"450,000,000",核准設立
500000,奕晟投資開發有限公司,53981122,陳明欽,"66,000,000",核准設立
500000,長春藤全球健康生物科技股份有限公司,27360920,莊雅清,"1,000,000,000",核准設立
500000,媚登峰健康事業股份有限公司,89967052,莊雅清,"400,000,000",核准設立
500000,欣百齡物流有限公司,53681820,林郁翔,"6,000,000",核准設立
500000,宇暉股份有限公司,28859622,王貴賢,"212,155,000",核准設立
500000,磐旭投資股份有限公司,53310145,王貴賢,"136,000,000",核准設立
500000,日曜機電工程有限公司,27648662,郭佳瑄,"10,000,000",核准設立
500000,悅澤旅館事業股份有限公司,50853539,朱俊曉,"292,500,000",核准設立
500000,辰揮企業股份有限公司,70699269,陳慶聰,"29,500,000",核准設立
500000,久暢股份有限公司,84897297,王貴賢,"480,000,000",核准設立
500000,漢諾威國際育樂股份有限公司,70835736,許安成,"35,000,000",核准設立
500000,漢諾威國際貿易有限公司,83668471,許翔煒,"6,000,000",核准設立
500000,環泰企業股份有限公司,12529007,康永明,"2,000,000,000",核准設立
500000,華興投資股份有限公司,70393767,黃淑珍,"15,000,000",核准設立
500000,上陽投資股份有限公司,16291406,麥寬成,"130,000,000",核准設立
500000,成陽投資企業股份有限公司,16618395,麥寬成,"40,000,000",核准設立
500000,百捷有限公司,70440522,戴梓羽,"10,500,000",核准設立
500000,南僑油脂事業股份有限公司,52610685,陳飛龍,"500,000,000",核准設立
500000,欣達生技股份有限公司,54178159,李𩃀琮,"3,150,000",核准設立
500000,欣尼克有限公司,50766388,陳德仁,"500,000",核准設立
500000,鑫星采有限公司,53941396,陳德仁,"28,300,000",核准設立
500000,鑫達一有限公司,90398234,許孟宇,"1,000,000",核准設立
500000,力奇曼股份有限公司,85099398,張幸鈴,"30,000,000",核准設立
500000,中央藥局,78393038,鄭志民　　　,"50,000",核准設立
500000,國林號開發股份有限公司,81125846,林俊賢,"32,000,000",核准設立
500000,仁愛企業股份有限公司,18577618,廖年吉,"90,000,000",核准設立
500000,北昌營造股份有限公司,23846206,陳嘉根,"1,045,000,000",核准設立
500000,鈦鼎科技股份有限公司,28664788,郭昭基,"250,000,000",核准設立
500000,百翔投資股份有限公司,16695511,林美蓮,"50,000,000",核准設立
500000,名盛投資股份有限公司,16763518,鄭玉華,"50,000,000",核准設立
500000,源利工程股份有限公司,20657406,蘇文凱,"1,000,000,000",核准設立
500000,大裕營造有限公司,23245533,傅裕元,"150,000,000",核准設立
500000,凱喬科技實業有限公司,28736349,馬雅玲,"5,000,000",核准設立
500000,新星實業股份有限公司,54655672,王雅麟,"5,000,000",核准設立
500000,竹城建設股份有限公司,97127855,張耕瑋,"600,000,000",核准設立
500000,泓達化工股份有限公司,23418128,呂文局,"800,000,000",核准設立
500000,向揚實業股份有限公司,24770605,徐伯達,"47,400,000",核准設立
500000,明申工程有限公司,16104121,劉秋森,"50,000,000",核准設立
500000,永大順股份有限公司,96872735,張錫正,"167,528,000",核准設立
500000,金湖企業股份有限公司,54070143,曾傑偉,"20,000,000",核准設立
500000,朝陽小客車租賃股份有限公司,84705354,林廼時,"500,000,000",核准設立
500000,上欣營造興業股份有限公司,89387934,陳幼蕙,"34,000,000",核准設立
500000,佳泰瑞貿易股份有限公司,96956468,李茂生,"100,000,000",核准設立
500000,南陽保險代理人股份有限公司,12530314,吳麗珠,"14,175,000",
500000,嘉豐物流股份有限公司,13198835,何山田,"90,000,000",核准設立
500000,台灣銅業科技股份有限公司,97270752,魏千芸,"800,000,000",核准設立
500000,嘉曜鋼鐵有限公司,28051583,林坤樂,"125,000,000",核准設立
500000,竣皓工業股份有限公司,83532664,林芳正,"20,000,000",核准設立
500000,采略投資股份有限公司,27290565,姚連地,"51,800,000",核准設立
500000,社團法人高雄縣醫師公會,003 ,,,
500000,甘霖投資股份有限公司,11437304,甘賴榮玉,"313,000,000",核准設立
500000,第一超市股份有限公司,12666120,王義郎,"20,000,000",核准設立
500000,大滬有限公司,53893015,余金珠,"75,000,000",
500000,大碩有限公司,53893042,黃錦榮,"43,000,000",
500000,惠勝藥品股份有限公司,16890372,陳淑芬,"10,000,000",核准設立
500000,三祥敏股份有限公司,22805488,張淑麗,"15,000,000",核准設立
500000,惠德勝醫藥生技股份有限公司,23840300,陳淑芬,"8,000,000",核准設立
500000,永盈投資股份有限公司,23987063,張德明,"60,000,000",核准設立
500000,永勝藥品工業股份有限公司,30853589,廖大平,"75,000,000",核准設立
500000,良聯工業股份有限公司,89436978,薛良田,"350,000,000",核准設立
500000,裕毛屋企業股份有限公司,22853517,謝明達,"400,000,000",核准設立
500000,優臣股份有限公司,34500861,陳俊宏,"67,000,000",核准設立
500000,竑邑投資股份有限公司,29012201,張炎生,"15,500,000",核准設立
500000,陸海股份有限公司,04927158,何英津,"1,230,000,000",核准設立
500000,凱傑工程行,99944966,潘彥凱,"1,000,000",核准設立
500000,建誌鋼鐵工業股份有限公司,22909478,黃志源,"36,000,000",核准設立
500000,冠東鋼鐵股份有限公司,75925335,黃志成,"28,000,000",核准設立
500000,官邸髮藝會館,09532062,李佩珊,"60,000",核准設立
500000,大和通運有限公司,16105613,黃秀香,"30,000,000",核准設立
500000,保安國際旅行社有限公司,54826697,王贊湧,"6,000,000",核准設立
500000,光榮工業股份有限公司,51272200,林武郎,"80,000,000",核准設立
500000,綠岩能源股份有限公司,85097878,葉孟恒,"300,000,000",核准設立
500000,漢神名店百貨股份有限公司,23827290,侯嘉騏,"3,000,000,000",核准設立
500000,漢中全球投資股份有限公司,90436645,凃佩勳,"301,000,000",核准設立
500000,偉新五金行,00942451,陳祥鶴,"1,000,000",核准設立
500000,川菱工業股份有限公司,34573499,陳怡婷,"100,000,000",核准設立
500000,元勤企業行,74842920,王秋菊,"1,500,000",核准設立
500000,長佳開發股份有限公司,54326095,王才欣,"60,000,000",核准設立
500000,長佳機電工程股份有限公司,84271478,王才翔,"500,000,000",核准設立
500000,力瑋國際開發股份有限公司,16626402,郭淑珍,"200,000,000",核准設立
500000,快桅投資股份有限公司,25175358,陳宗成,"44,466,600",核准設立
500000,至晟工程行,85478291,郭文豪,"240,000",核准設立
500000,大時代量販家電,07910980,蔡英明　　　,"210,000",核准設立
500000,寬頻房訊科技股份有限公司,70841049,游凱翔,"550,000,000",核准設立
500000,力盛彩色印刷股份有限公司,89903017,林炎坤,"220,000,000",核准設立
500000,香菇王股份有限公司,22469788,王義郎,"5,000,000",核准設立
400000,堂城開發投資股份有限公司,23416917,林俊良,"145,000,000",核准設立
400000,勝偕建設股份有限公司,27206482,吳宗勲,"50,000,000",核准設立
400000,上好印刷股份有限公司,16722587,楊勝得,"150,150,000",核准設立
400000,樂點股份有限公司,53209324,劉柏園,"150,000,000",核准設立
320000,瑞亨珠寶銀樓,98715037,蔡星宥,"200,000",核准設立
310000,宏海營造股份有限公司,42772561,許順成,"33,000,000",核准設立
309855,昱誠圓建設有限公司,28045627,尤昱誠,"15,000,000",核准設立
300000,詮力實業股份有限公司,43794487,王能敏,"1,000,000",核准設立
300000,禾聯碩股份有限公司,80333058,蔡金土,"1,000,000,000",核准設立
300000,英發企業股份有限公司,59230350,陳嘉祥,"120,000,000",核准設立
300000,歐旻企業股份有限公司,23888042,沈明鋒,"600,000,000",核准設立
300000,富亨達投資股份有限公司,54104679,陳信佑,"5,000,000",核准設立
300000,伊捷顧問有限公司,25099269,林志松,"1,000,000",核准設立
300000,員榮醫療社團法人員榮醫院,60237057,,,
300000,通進實業股份有限公司,54096376,楊勝得,"12,000,000",核准設立
300000,緯錩實業有限公司,84513412,林政輝,"13,000,000",核准設立
300000,泛台實業股份有限公司,12119974,李錫山,"100,000,000",核准設立
300000,力菱能源科技股份有限公司,82923684,江節如,"28,000,000",核准設立
300000,華聿股份有限公司,43850683,簡文豐,"90,000,000",核准設立
300000,連結機械股份有限公司,20629303,王正雄,"150,000,000",核准設立
300000,吉家投資有限公司,83478970,莊文欽,"1,000,000",核准設立
300000,高旺螺絲工業有限公司,22545842,高長松,"40,000,000",核准設立
300000,坤峰實業有限公司,24715322,林進騫,"2,000,000",核准設立
300000,佳大建材工業股份有限公司,72016282,王信豐,"254,000,000",核准設立
300000,聯傑科技股份有限公司,12975385,鄭坤和,"120,000,000",核准設立
300000,優廣建設股份有限公司,27775250,楊東憲,"80,000,000",核准設立
300000,力菱機電事業股份有限公司,30954138,洪源鴻,"60,000,000",核准設立
300000,威全機械工業股份有限公司,52718834,林國全,"157,000,000",核准設立
300000,柏文健康事業股份有限公司,27693238,陳尚義,"1,000,000,000",核准設立
300000,介大金屬工業股份有限公司,69400776,王銘雯,"88,000,000",核准設立
300000,康和綜合證券股份有限公司,23824511,鄭大宇,"15,000,000,000",核准設立
300000,永祥投資股份有限公司,16804911,張德盛,"60,000,000",核准設立
300000,金智土木包工業,21985080,陳禹璇,"5,000,000",核准設立
300000,原笛服飾有限公司,86230585,鄭娟娟,"33,000,000",核准設立
300000,嘉南開發事業股份有限公司,22982174,鄭蘇貴美,"100,000,000",核准設立
300000,和川股份有限公司,23988176,陳良子,"150,000,000",核准設立
300000,詠真室內裝修有限公司,24303601,許傳榮,"16,000,000",核准設立
300000,世行鋼構有限公司,28039499,吳建富,"60,000,000",核准設立
300000,達新昌投資股份有限公司,24499197,胡栢墩,"32,000,000",核准設立
300000,宥霖營造有限公司,82861527,羅志明,"3,600,000",
300000,永順成交通有限公司,42576060,李恒芬,"25,000,000",核准設立
300000,瑞興交通股份有限公司,44415631,詹益棟,"28,000,000",核准設立
300000,峻韋投資有限公司,53876450,劉玉騰,"54,819,770",核准設立
300000,領航船舶物料供應行,80873370,王秋菊,"1,000,000",核准設立
300000,志昌邱鋼鐵股份有限公司,86220355,邱宏泰,"230,000,000",核准設立
300000,順升昌企業股份有限公司,84431670,李基正,"10,000,000",核准設立
300000,吉嘉電子股份有限公司,21233666,宋英銓,"182,952,000",核准設立
300000,新各界企業有限公司,12402015,曾照嵩,"40,000,000",核准設立
300000,福和窯業股份有限公司,34253329,陳文成,"83,200,000",核准設立
300000,隆蔚有限公司,05129384,莊子華,"60,000,000",核准設立
300000,猿聲串動行銷股份有限公司,24708758,劉柏園,"50,000,000",核准設立
300000,蟻力股份有限公司,54316857,劉柏園,"30,000,000",核准設立
300000,穎杰鑄造工業股份有限公司,66570608,涂美華,"200,000,000",核准設立
300000,竹蕙建設開發股份有限公司,84663919,許瑋耘,"25,000,000",核准設立
300000,家瑞建設股份有限公司,84704897,郭宏健,"30,000,000",核准設立
300000,德運建設股份有限公司,86153551,林財于,"200,000,000",核准設立
300000,良達營造股份有限公司,86415582,陳世璋,"280,000,000",核准設立
300000,達成鑫鋼鐵股份有限公司,84829361,陳春生,"52,000,000",核准設立
300000,忠泰建設股份有限公司,22957034,李忠義,"500,000,000",核准設立
250000,長耀建設股份有限公司,27351703,謝建國,"300,000,000",核准設立
250000,維勝鋼鐵股份有限公司,83713594,郭石煌,"518,330,000",核准設立
250000,翊豐營造股份有限公司,24645699,陳裕凱,"100,000,000",核准設立
250000,禾合行銷有限公司,83536417,吳輝華,"10,000,000",核准設立
239900,台城衛生醫材有限公司,83076125,陳翠美,"1,000,000",核准設立
200020,瓊蓮股份有限公司,22738720,李宜娟,"60,000,000",核准設立
200000,大原紙器工廠股份有限公司,59090421,郭信志,"20,500,000",核准設立
200000,鴻緯開發股份有限公司,54028384,李明德,"10,000,000",核准設立
200000,紅屋餐廳有限公司,53923806,李國平,"6,000,000",核准設立
200000,高雄市小港區漁會,85502308,,,
200000,北城營造股份有限公司,22074737,林俊男,"60,000,000",核准設立
200000,吉聯建設股份有限公司,86686803,張昌齡,"35,000,000",核准設立
200000,中華民國資源回收商業同業公會全國聯合會,1.05007266E9,,,
200000,欣強科技股份有限公司,84099293,蘇崧棱,"100,000,000",核准設立
200000,欣昇投資股份有限公司,29052006,陳壽美,"29,680,000",核准設立
200000,優的實業股份有限公司,15886148,林信來,"50,000,000",核准設立
200000,拓凱實業股份有限公司,52590175,沈文振,"1,800,000,000",核准設立
200000,環泥投資股份有限公司,23531445,侯博義,"307,000,000",核准設立
200000,冠華管理顧問股份有限公司,28522542,廖紫岑,"401,000,000",核准設立
200000,吉泰藥品股份有限公司,24308887,黃明義,"190,000,000",核准設立
200000,亞柏企業社,26244678,邱淑涓,"200,000",核准設立
200000,達聿股份有限公司,28781060,簡文豐,"60,000,000",核准設立
200000,豪盛建設股份有限公司,28860206,羅木,"28,000,000",核准設立
200000,欣洋企業有限公司,66462903,周衡,"200,000",核准設立
200000,日月潭纜車股份有限公司,80394033,張協權,"200,000,000",核准設立
200000,枋寮醫療社團法人枋寮醫院,10459455,,,
200000,景航企業股份有限公司,23110325,曾信哲,"28,000,000",核准設立
200000,緯航企業股份有限公司,85946957,曾信哲,"10,000,000",核准設立
200000,傑期企業股份有限公司,86051267,李瓊惠,"158,000,000",核准設立
200000,卜鼎企業有限公司,89985241,蔡西昌,"5,000,000",核准設立
200000,皓光國際股份有限公司,94071479,戈良美,"5,000,000",核准設立
200000,萬九科技股份有限公司,86841782,陳東釽,"24,000,000",核准設立
200000,竹風建設股份有限公司,28161131,徐榮聰,"2,000,000,000",核准設立
200000,得良建設有限公司,83540355,陳美玉,"6,000,000",核准設立
200000,好視力眼鏡行,25913192,陳炫睿,"3,000",核准設立
200000,冠龍國際開發股份有限公司,16828863,唐子遠,"15,000,000",核准設立
200000,文賀實業股份有限公司,79999581,李新傑,"120,000,000",核准設立
200000,暘富環境科技有限公司,83112537,張加樺,"1,000,000",核准設立
200000,崇義建設開發股份有限公司,86517201,邱文彬,"30,000,000",核准設立
200000,亨岱興業有限公司,89256460,謝宗源,"6,500,000",核准設立
200000,達騰設計有限公司,54985836,湯向榮,"300,000",核准設立
200000,信森實業股份有限公司,68463484,鄭蘇貴美,"18,000,000",核准設立
200000,順倉股份有限公司,84710883,潘榮茂,"70,000,000",核准設立
200000,天瑛股份有限公司,23197342,陳雲惠,"101,000,000",核准設立
200000,華鳳股份有限公司,89865858,盧錦川,"20,000,000",核准設立
200000,柏宣建設股份有限公司,27624325,游源添,"50,000,000",核准設立
200000,金亞金屬工業股份有限公司,12211281,楊清雄,"160,000,000",核准設立
200000,冠傑建設開發有限公司,29023621,徐國振,"69,000,000",核准設立
200000,大煒塑膠工業股份有限公司,23514327,梁棋鑫,"3,000,000",核准設立
200000,華又有限公司,24856130,蘇烱華,"260,000,000",核准設立
200000,康順股份有限公司,56696419,邱元吉,"60,000,000",核准設立
200000,華杏股份有限公司,56804509,蘇櫻華,"70,000,000",核准設立
200000,萬國製藥廠股份有限公司,22289266,蔡四松,"58,000,000",核准設立
200000,環球藥品股份有限公司,22923984,蔡四松,"10,000,000",核准設立
200000,力祥船舶五金行,00655648,陳竑銘,"5,000,000",核准設立
200000,永進成交通有限公司,80323930,詹益棟,"25,000,000",核准設立
200000,翰盟實業股份有限公司,04990341,簡名昱,"20,000,000",核准設立
200000,牛耳國際生技股份有限公司,53765237,蔡朝正,"30,000,000",
200000,南鎮天然氣股份有限公司,86689421,李哲朗,"500,000,000",核准設立
200000,春富投資股份有限公司,89434198,李哲朗,"184,700,000",核准設立
200000,順吉位精密工業有限公司,54610134,李基正,"6,000,000",核准設立
200000,宏錦建設股份有限公司,80673231,錢小龍,"40,000,000",核准設立
200000,志廣實業有限公司,27599846,林金獅,"12,000,000",核准設立
200000,東台灣汽車客運股份有限公司,90364184,王欽鈴,"34,490,000",核准設立
200000,有限責任基隆第一信用合作社,00280902,黃澤青,"11,553,900",核准設立
200000,長虹建設股份有限公司,04633597,李文造,"4,000,000,000",核准設立
200000,好漾廣告股份有限公司,28468012,王中芳,"30,000,000",
200000,寶業建設股份有限公司,36528175,楊孟峰,"90,000,000",核准設立
200000,維閣牧場,36861571,魏玉婷,"6,000,000",核准設立
191160,佳契國際股份有限公司,97124442,方俊力,"55,000,000",核准設立
166000,天成醫療社團法人,26708162,,,
162000,祥曉企業股份有限公司,22416050,陳健一,"55,000,000",核准設立
161195,溏風國際新創傳媒有限公司,58150202,林新凱,"1,000,000",核准設立
150000,富宥餘投資有限公司,83633516,李秀鳳,"2,000,000",核准設立
150000,安得烈股份有限公司,97425469,劉芝佐,"193,000,000",核准設立
150000,久立藥品有限公司,16799305,劉典禎,"10,000,000",核准設立
150000,世新加油站股份有限公司,23115927,林東蘅,"42,000,000",核准設立
150000,龍鎮建設有限公司,82794041,吳浚瑋,"30,000,000",核准設立
150000,珍鼎記茶飲股份有限公司,28962490,楊國珍,"50,000,000",核准設立
150000,旺佳廣告有限公司,50913656,廖進吉,"1,000,000",核准設立
150000,新聯昌廣告股份有限公司,24494658,王志祥,"175,000,000",核准設立
150000,新聯祥廣告股份有限公司,24495116,林徹人,"175,000,000",核准設立
120000,帝瑋企業股份有限公司,23074355,戴梁春梅,"18,880,000",核准設立
110000,松潔環境維護股份有限公司,28865384,陳沃克,"10,000,000",核准設立
108000,上品源通開發股份有限公司,83489293,羅一成,"70,000",核准設立
101000,陞璨企業有限公司,82782523,蘇致華,"2,000,000",核准設立
100000,新東京實業有限公司,97498315,羅玉秋,"12,000,000",核准設立
100000,崗勝科技有限公司,28530894,劉栢良,"20,000,000",核准設立
100000,品越工業股份有限公司,22589003,蕭侃,"20,000,000",核准設立
100000,零壹零參數位影像有限公司,50970635,王俊凱,"50,000",核准設立
100000,美德醫療器材股份有限公司,29162593,郭槐秋,"30,000,000",
100000,紅屋餐飲事業有限公司,16310136,孫治平,"6,000,000",核准設立
100000,龍達塑膠股份有限公司,36161423,吳秀香,"120,000,000",
100000,都一處有限公司,29072066,徐國樑,"8,200,000",核准設立
100000,大鎰行有限公司,36279871,李春富,"10,000,000",核准設立
100000,社團法人新北市中醫師公會,39.12.15北府社團換字第1012846044號,,,
100000,佳惠投資股份有限公司,28554446,楊長基,"5,000,000",核准設立
100000,宏凱鞋業股份有限公司,04797161,王興華,"50,000,000",核准設立
100000,萬邦外貿股份有限公司,27652124,陳錦郎,"11,000,000",核准設立
100000,豐鉅開發建築股份有限公司,82836470,林政良,"25,000,000",
100000,芫利實業有限公司,96997566,陳錫元,"2,000,000",核准設立
100000,敦有建設有限公司,28188027,曾一塵,"65,000,000",核准設立
100000,豐華食品機械有限公司,53491526,邱慧玲,"15,000,000",核准設立
100000,亞設國際投資股份有限公司,27659920,林丹楓,"20,000,000",核准設立
100000,植煇營造有限公司,93656170,董怡伶,"310,000,000",核准設立
100000,藍蛇科技有限公司,83039157,陳羿潔,"3,000,000",核准設立
100000,協和數位有限公司,94095747,翁傳翔,"400,000",核准設立
100000,穎洋企業股份有限公司,16218264,葉麗珠,"51,000,000",核准設立
100000,羅瑞投資有限公司,83087896,林聖翔,"28,500,000",核准設立
100000,勤理企業有限公司,50755713,呂奇澤,"5,000,000",核准設立
100000,衛格爾醫藥有限公司,27349340,林堃成,"5,000,000",
100000,漢嵩實業股份有限公司,43841518,姜國樑,"20,000,000",核准設立
100000,總行營造興業股份有限公司,04516752,吳金燕,"220,000,000",核准設立
100000,雄穩股份有限公司,90502010,黃志雄,"29,364,060",核准設立
100000,紘陽科技股份有限公司,29058326,陳睿霖,"18,000,000",核准設立
100000,亞展水電工程行,68323935,盧肇展,"12,000,000",核准設立
100000,千瀚投資股份有限公司,50864640,徐麗慧,"20,000,000",核准設立
100000,現代聯運股份有限公司,81003800,陳長賸,"25,000,000",核准設立
100000,綜順國際有限公司,25147987,劉書宏,"36,000,000",核准設立
100000,仲順貿易股份有限公司,12481545,蘇啟展,"29,000,000",核准設立
100000,佳勁投資股份有限公司,42772555,莊李玉琴,"36,000,000",核准設立
100000,十全實業股份有限公司,51006301,黃偉倫,"108,800,000",核准設立
100000,新旭台實業股份有限公司,61905957,劉枝勇,"42,000,000",核准設立
100000,阿振美饌股份有限公司,53605794,鄭永豐,"1,000,000",核准設立
100000,嘉映工業股份有限公司,89861585,王慶增,"28,000,000",核准設立
100000,展維實業股份有限公司,84403560,賴淑琴,"9,600,000",核准設立
100000,聚智國際開發股份有限公司,65734408,莊王錦淑,"1,000,000",核准設立
100000,台灣二十一世紀婦女協會,9005080,,,
100000,昱捷股份有限公司,22731120,蔡棟國,"600,000,000",核准設立
100000,三昱技研股份有限公司,24951633,蔡棟國,"150,000,000",核准設立
100000,鴻宇工程顧問有限公司,16517755,曾順正,"1,000,000",核准設立
100000,屏東縣南州地區農會,91604107,,,
100000,鴻盛實業有限公司,22904044,陳阿南,"25,000,000",核准設立
100000,良群建設股份有限公司,12983940,林文華,"25,000,000",
100000,誼長隆海味有限公司,54798664,陳詩婷,"33,000,000",核准設立
100000,昕誠建設有限公司,83291709,潘榮彬,"25,000,000",核准設立
100000,崇佑投資股份有限公司,97092363,林錫淮,"100,000,000",核准設立
100000,太友建設有限公司,80317944,林忠民,"25,000,000",核准設立
100000,啓大企業行,92360277,曾文啓,"240,000",核准設立
100000,華信保險公證人有限公司,86028870,柯富彬,"25,000,000",核准設立
100000,庭園民宿,09320551,詹錦載,"1,000,000",核准設立
100000,東松建設有限公司,54245137,汪樹生,"15,000,000",核准設立
100000,雅織流行股份有限公司,89485111,薛佳姈,"198,000,000",核准設立
100000,廷強科技有限公司,90346715,楊淑伶,"1,000,000",核准設立
100000,松和工業股份有限公司,85611896,林廷芳,"500,000,000",核准設立
100000,聖賢藥局,31830945,,,
100000,力迅精密工業有限公司,90070391,吳俊諺,"2,000,000",核准設立
100000,屏東農產股份有限公司,92702838,林建滄,"52,000,000",核准設立
100000,統和資訊國際股份有限公司,70388878,方思現,"6,000,000",核准設立
100000,安頌液壓工業股份有限公司,52906884,張福彬,"60,000,000",核准設立
100000,倡鐵實業有限公司,01179094,蔡明路,"70,000,000",核准設立
100000,知豐品秀股份有限公司,56694708,蔣豐襄,,核准設立
100000,隆嚴建設股份有限公司,16372821,許耿禎,"89,000,000",核准設立
100000,伍大鐵工廠股份有限公司,35126053,簡許森,"46,500,000",核准設立
100000,羿晨機械股份有限公司,23194181,黃進霖,"5,000,000",核准設立
100000,泳昇機械股份有限公司,44402468,尤芳仁,"80,000,000",核准設立
100000,允在工程有限公司,86041395,蘇王美燕,"63,000,000",核准設立
100000,本業建設股份有限公司,28617006,陳憲富,"128,000,000",
100000,萬興氟場有限公司,69616522,邱美玲,"30,000,000",核准設立
100000,翊宏藥業有限公司,16541734,施姵伶,"2,000,000",核准設立
100000,嘉宏顏料廠有限公司,72076491,李左文,"20,000,000",核准設立
100000,馬玉山食品工業股份有限公司,81133395,蔡國榮,"179,630,000",核准設立
100000,杏葳股份有限公司,53390891,歐陽駿鐿,"6,400,000",核准設立
100000,永三和企業有限公司,97481996,陳孫鳳美,"3,000,000",核准設立
100000,圓頂營造工程股份有限公司,42924568,王嘉吟,"22,600,000",核准設立
100000,允發塑膠加工廠,77683713,謝勝超,"500,000",核准設立
100000,泰金精密科技股份有限公司,54570463,邱志賢,"23,000,000",核准設立
100000,環亞光電股份有限公司,83133239,邱紹瑋,"12,000,000",核准設立
100000,裕聖實業有限公司,96993344,廖怡智,"10,000,000",核准設立
100000,大千廣播電台股份有限公司,89543920,賴靜嫻,"100,000,000",核准設立
100000,新穎衛材有限公司,23979211,林崑星,"30,000,000",核准設立
100000,宜聯鋼鐵股份有限公司,42032010,王信豐,"240,000,000",核准設立
100000,康益股份有限公司,16050315,邱振楷,"860,000,000",核准設立
100000,國威金屬工業股份有限公司,16407172,林崑鐔,"200,000,000",核准設立
100000,勇立興建築事業股份有限公司,22560569,林崑鐔,"380,000,000",核准設立
100000,國暉鋼鐵股份有限公司,22930612,林崑鐔,"200,000,000",核准設立
100000,東譽營造有限公司,84200452,林世杰,"100,000,000",核准設立
100000,芙彤園股份有限公司,42841005,詹茹惠,,核准設立
99999,菁華美有限公司,54888118,高嘉佑,"3,000,000",核准設立
90000,普羅克企業有限公司,45127209,李俊賢,"1,000,000",核准設立
80000,東芥營造股份有限公司,70517599,邱子芥,"15,000,000",核准設立
70000,宜大立餐飲事業有限公司,24754422,李敦立,"1,000,000",核准設立
70000,祐金企業有限公司,25057943,卓育如,"2,000,000",核准設立
70000,彰太織造股份有限公司,59146311,施依秀,"72,000,000",核准設立
69134,佛昌科技有限公司,28065926,陳烱祺,"500,000",核准設立
66000,紀綱企業社,41310155,黃紀綱,"100,000",核准設立
66000,吉利展精機股份有限公司,70532228,林勝利,"10,000,000",核准設立
60000,宣原蛋糕店,38578875,胡曉萍,"200,000",核准設立
60000,青草地食品有限公司,53107797,王雨新,"99,000,000",
60000,宜珍齋,61153935,洪國翔,"200,000",核准設立
60000,柏貴企業股份有限公司,86411158,林景星,"7,000,000",核准設立
60000,生煒工業有限公司,22072392,賴東松,"5,000,000",核准設立
60000,鉗泰鐵工廠股份有限公司,22249785,莊明正,"10,000,000",核准設立
60000,明陽模型股份有限公司,23980174,劉容陽,"5,000,000",核准設立
60000,元弘草本科研股份有限公司,27470320,陳麗蓮,"10,000,000",核准設立
60000,東昱工業有限公司,80457304,江興隆,"5,000,000",核准設立
60000,合億興業股份有限公司,22697474,張躍薰,"20,000,000",核准設立
60000,竹泰加油站股份有限公司,16227094,陳素眞,"4,800,000",核准設立
50000,金鴻山企業股份有限公司,28298734,林昱良,"29,000,000",核准設立
50000,勤德農產食品有限公司,29097854,林乾元,"1,000,000",核准設立
50000,富崟企業股份有限公司,86343069,黃政明,"5,000,000",核准設立
50000,樂婕國際有限公司,66403291,張瀞文,"1,600,000",核准設立
50000,友和貿易股份有限公司,16894172,張照雄,"301,387,000",核准設立
50000,三人恆好有限公司,90711396,劉曉蓉,"3,300,000",
50000,輝映印刷事業有限公司,16991610,李建興,"4,000,000",核准設立
50000,興立富實業股份有限公司,84744096,張悅芬,"36,500,000",核准設立
50000,咸陽科技股份有限公司,24287320,張周介,"5,000,000",核准設立
50000,福和飼料店,34357513,朱顏日美,"1,040,000",核准設立
50000,將維實業有限公司,22394817,張菁美,"3,000,000",核准設立
50000,南部化成股份有限公司,80167733,王東章,"200,000,000",核准設立
50000,三和鋁業有限公司,86962379,林江龍,"15,000,000",核准設立
50000,鐠羅機械股份有限公司,12886948,李世明,"84,000,000",核准設立
50000,聖爵事業有限公司,16401380,王寶鋒,"10,000,000",核准設立
50000,誠品貿易股份有限公司,27337766,陳煙平,"20,000,000",核准設立
50000,首誠投資股份有限公司,28851179,許銘仁,"24,200,000",核准設立
50000,承合工程有限公司,24277147,王瑞德,"1,660,000",核准設立
50000,玄鐘實業有限公司,89267831,蔡政峰,"15,000,000",核准設立
50000,山源有限公司,24696211,黃雅慧,"1,000,000",核准設立
50000,山圓有限公司,66387763,黃佳涵,"1,000,000",
50000,中鷹加油站股份有限公司,16487576,陳旭隆,"5,000,000",核准設立
50000,關懷廣播股份有限公司,89516515,姚嘉文,"5,000,000",核准設立
50000,寰宇國際財務顧問有限公司,28836608,何瑞青,"1,000,000",核准設立
50000,順盛企業社,13960656,汪月麗,"6,000,000",核准設立
50000,天馨實業股份有限公司,22920895,林弘基,"26,000,000",核准設立
50000,慶來建設股份有限公司,28969748,陳敏生,"22,600,000",核准設立
50000,欣億昌工業股份有限公司,84697621,陳清貴,"29,000,000",核准設立
50000,安達汽車貨運股份有限公司,00121406,趙榮瑞,"29,800,000",核准設立
50000,源信竹藝社,06150201,蔡育展,"200,000",核准設立
50000,凱樂媒體資訊有限公司,28343061,吳欣怡,"1,000,000",核准設立
50000,駿國建設股份有限公司,53839414,洪國洲,"5,000,000",核准設立
50000,合山實業股份有限公司,42052866,林舜平,"55,000,000",核准設立
50000,信毅加油站股份有限公司,70510982,李淑娥,"32,000,000",核准設立
50000,文華加油站股份有限公司,70695995,徐富俊,"60,000,000",核准設立
50000,原毅營造有限公司,84836503,洪錫雄,"5,300,000",核准設立
50000,東盛企業社,89031012,廖紹安,"100,000",核准設立
40000,名駿建設有限公司,89994430,王淑敏,"15,000,000",核准設立
40000,盈邦有限公司,45116420,吳恒毅,"2,000,000",核准設立
40000,臺灣艾肯音樂科技有限公司,28709693,吳建志,"4,500,000",核准設立
40000,永聲企業有限公司,61828663,王啓平,"2,000,000",核准設立
40000,俊良貿易股份有限公司,30854172,陳俊雄,"87,500,000",核准設立
40000,超逸實業有限公司,86264472,周中庸,"5,000,000",核准設立
40000,聞香閣食品有限公司,53178510,黃建榮,"21,000,000",核准設立
36000,高豐工程行,39859938,楊博欽,"200,000",核准設立
36000,章興企業有限公司,56614542,葉瑞豐,"2,000,000",核准設立
35000,善意窩資產管理有限公司,90618856,劉威宏,"1,000,000",核准設立
35000,永興中藥行,10291962,盧永盛,"7,200,000",核准設立
33520,小島番薯有限公司,24741237,蔡宜勳,"8,800,000",核准設立
33000,睿斐國際有限公司,94167586,林効蓉,"100,000",核准設立
30000,品佳金屬建材有限公司,34540646,許文德,"5,000,000",核准設立
30000,佳宏鋼模股份有限公司,22206596,林威霖,"18,000,000",核准設立
30000,米潤國際有限公司,91112031,葉潔霓,"1,000,000",核准設立
30000,阿城鵝肉,52285338,陳國安,"1,000,000",核准設立
30000,遇見伯樂有限公司,91017310,王疇為,"300,000",核准設立
30000,彤元有限公司,28035923,蔡永隆,"500,000",核准設立
30000,向榮服飾商行,42257782,盧子昀,"200,000",核准設立
30000,貝斯特國際智杈股份有限公司,27997302,沈美雲,"10,000,000",核准設立
30000,漢村股份有限公司,89795903,張量喻,"90,000,000",核准設立
30000,瑞亮手機配件有限公司,64539104,陳信介,"1,000,000",核准設立
30000,顯徽土木包工業,82493452,謝顯徽,"1,000,000",核准設立
30000,裕基有限公司,22647159,朱愛英,"7,500,000",核准設立
30000,鴻正實業有限公司,27757318,李泳濱,"8,000,000",核准設立
30000,貝尼斯商行,85951439,黃紀綱,"10,000",核准設立
30000,大道文創有限公司,54726395,陳世昇,"300,000",核准設立
30000,第二曲線知識管理顧問有限公司,82954525,洪雪珍,"100,000",核准設立
30000,雲橋工程技術顧問有限公司,79966569,林自強,"1,000,000",核准設立
30000,愛遊牧有限公司,42967897,林金龍,"5,000,000",核准設立
30000,心意食品行,88528838,楊心慈,"200,000",核准設立
30000,大金樺電器企業有限公司,84093919,黃明森,"1,000,000",核准設立
30000,集元果食品有限公司,54005050,黃榮炫,"18,740,000",核准設立
30000,高福鐵材行,59370886,陳西閣,"14,000,000",核准設立
30000,寶結企業有限公司,23911326,游寶真,"29,800,000",核准設立
30000,里山環境整合有限公司,54763953,蔡素菁,"1,000,000",核准設立
30000,廣笠機械工業有限公司,80436414,邱玉竹,"8,000,000",核准設立
30000,宏昇加油站有限公司,89824745,廖凡儀,"15,000,000",核准設立
26250,祥閎管理顧問企業社,47986893,陶守廉,"200,000",核准設立
20000,承紘營造股份有限公司,24530726,賴春重,"15,000,000",核准設立
20000,康可媒體有限公司,90476266,康皓斌,"300,000",核准設立
20000,台創事業有限公司,83198817,呂秀蘭,"1,000,000",核准設立
20000,澤天會計師事務所,38532082,,,
20000,鋐博生技股份有限公司,83414028,"薩摩亞商 KST INVESTMENT LTD.","20,000,000",核准設立
20000,卓恩智能股份有限公司,82800888,嚴世熙,"8,000,000",核准設立
20000,銢鑫閥業有限公司,79978328,陳美麗,"3,200,000",核准設立
20000,佑霖園藝社,99427554,林淑美,"1,200,000",核准設立
20000,毅國企業社,91411306,黃大江,"200,000",核准設立
20000,盛昌營造有限公司,45879411,陳盈志,"3,600,000",核准設立
20000,惠比壽商社有限公司,82880860,陳宏育,"7,500,000",核准設立
20000,錸德建設有限公司,12805713,侯尹博,"20,000,000",核准設立
20000,福城有限公司,96967747,張福森,"96,000,000",核准設立
20000,美姬阿姨有限公司,24555789,陳美景,"1,000,000",核准設立
20000,高豪投資股份有限公司,83078664,高志堅,"29,900,000",核准設立
20000,若愚工程科技有限公司,90373493,白郁宇,"1,500,000",核准設立
20000,全洗企業有限公司,59304970,郭娟妃,"4,000,000",核准設立
20000,充昱汽車有限公司,54236735,羅英基,"10,000,000",核准設立
20000,皇傑汽車有限公司,27488975,陳奕壬,"8,000,000",核准設立
20000,聖貿國際股份有限公司,97391236,蔡佩如,"11,000,000",核准設立
20000,銳特租賃有限公司,24989862,謝桂祝,"500,000",核准設立
20000,長梭企業有限公司,28557957,施文展,"2,000,000",核准設立
20000,優達景觀設計有限公司,29115451,高媺鈴,"2,000,000",核准設立
20000,良邦建材有限公司,80223123,邱建智,"100,000,000",核准設立
20000,惠瑞特股份有限公司,86674089,李泰成,"145,000,000",核准設立
20000,偉昌電氣工程股份有限公司,84410437,林賢坤,"70,000,000",核准設立
20000,華隆鐵材行,17905347,林智輝,"200,000",核准設立
20000,友達營造有限公司,28151794,姚忠宏,"22,500,000",核准設立
20000,德順昌建設股份有限公司,54245002,林振昌,"15,000,000",核准設立
20000,亞特力士股份有限公司,24290401,劉世明,"10,000,000",核准設立
20000,東源股份有限公司,54156789,江勢源,"139,319,960",核准設立
20000,露寶有限公司,08126951,林世頂,"10,000,000",核准設立
20000,關山汽車股份有限公司,22565797,黃玉英,"25,000,000",核准設立
19999,漢斯整合行銷有限公司,42855020,陳文玲,"1,000,000",核准設立
19111,勤運起重有限公司,82778871,謝宜諠,"2,000,000",核准設立
19000,宇宸綠能企業社,38919965,丁坤乾,"200,000",核准設立
18000,加鼎國際股份有限公司,83121114,朱頌雅,"4,000,000",核准設立
18000,無可就樂音樂工作室,42504138,周恒毅,"178,000",核准設立
15265,宸邑科技有限公司,12930091,陳振裕,"20,000,000",核准設立
15000,萬泰祥國際開發股份有限公司,80261245,蔣佩琪,"5,000,000",核准設立
15000,金燦企業社,21724570,吳卓燦,"360,000",核准設立
15000,運盈新能源有限公司,69464721,李思慧,"2,430,000",核准設立
14700,明宗汽車修配廠,52941947,葉家宏,"10,000",核准設立
13000,高田建設有限公司,83374932,蔡靖茲,"20,000,000",核准設立
12450,愛弟瑞奇投資股份有限公司,43944373,陸靖天,"29,974,200",核准設立
12024,崨克投資股份有限公司,24501449,劉仁熾,"29,500,000",核准設立
12000,德偉木業有限公司,34631759,程田,"36,000,000",核准設立
11200,速配工程有限公司,56711122,范一凡,"300,000",核准設立
11111,松豐實業股份有限,56622183,張銘芳,"9,000,000",核准設立
11000,富隆興業有限公司,84929994,朱文圈,"1,000,000",核准設立
10800,正永洋機電工程有限公司,89507500,顏立洋,"6,000,000",核准設立
10000,宇昶事業有限公司,23884566,鄭正亮,"12,000,000",核准設立
10000,臻霖麗企業有限公司,89973012,藍麗珠,"5,000,000",核准設立
10000,天風設計企業有限公司,23151367,孫因,"10,000,000",
10000,亞的有限公司,54871432,陳穎諠,"1,000,000",核准設立
10000,永鑫汽車租賃有限公司,97127095,王世璋,"10,000,000",核准設立
10000,家興保全股份有限公司,16630757,王文鎮,"40,000,000",核准設立
10000,新北市石門區婦女會,43.04.21北府社團換字第1001396165號,,"2,000,000",解散
10000,歐博實業有限公司,12397049,宋逢智,"12,600,000",核准設立
10000,亞壯照明科技股份有限公司,23793030,林慶源,"250,000,000",核准設立
10000,友環股份有限公司,28633239,簡華儀,"18,300,000",核准設立
10000,太睿設計有限公司,54092364,陳冠諭,"2,200,000",核准設立
10000,市榮開發有限公司,56667505,梁紀鴻,"10,000,000",核准設立
10000,信文奇得美肌有限公司,83560871,張紋綺,"1,000,000",核准設立
10000,彤采商行,91287518,黃子柔,"500,000",核准設立
10000,麗仁工程有限公司,24207749,許重仁,"3,000,000",核准設立
10000,上恩不動產仲介經紀有限公司,27896233,黃明福,"1,000,000",核准設立
10000,綠葳花園有限公司,54838510,葉曉菱,"1,000,000",核准設立
10000,阿爾派國際有限公司,57533809,詹宜憲,"3,000,000",核准設立
10000,新易科技有限公司,43768848,林志軒,"2,000,000",核准設立
10000,金寶國際車業有限公司,83430049,趙俊博,"888,888",核准設立
10000,大樹科學有限公司,42894121,賴英傑,"200,000",核准設立
10000,是向科技有限公司,45899660,謝繼華,"3,000,000",核准設立
10000,思凡社會性農業發展企業社,91577158,屠崇軒,"200,000",核准設立
10000,瑞鵬企業有限公司,50934239,方家星,"1,000,000",核准設立
10000,宇宙小姐商行,72839977,游文妤,"100,000",核准設立
10000,睿源創能有限公司,84745594,尤祖琳,"12,000,000",核准設立
10000,玉元餐飲有限公司,60281807,李士銘,"6,000,000",核准設立
10000,寶城建設有限公司,54076012,蔡吉忠,"2,000,000",核准設立
10000,盈竹紙器有限公司,27262322,徐閩蓁,"1,000,000",核准設立
10000,司馬鐵國際股份有限公司,24859571,黃昭維,"30,000,000",核准設立
10000,數趨廣告媒體有限公司,52491962,陳怡婷,"3,500,000",核准設立
10000,中村加油站股份有限公司,27849106,張量喻,"80,000,000",核准設立
10000,瑞光護理之家,47570874,,,
10000,灃德生物科技有限公司,50792029,劉易壕,"10,000,000",核准設立
10000,安安科技股份有限公司,20842022,劉柏利,"18,000,000",核准設立
10000,歐尼特科技有限公司,53419124,陳胤恩,"500,000",核准設立
10000,勤正生技股份有限公司,82939454,郭連晉,"3,000,000",核准設立
10000,詠聖機械工程有限公司,94063479,彭聖崴,"300,000",核准設立
10000,宣傑國際有限公司,55739214,黃于倢,"2,000,000",核准設立
10000,釩泓建設有限公司,90220188,馬志嘉,"10,000,000",核准設立
10000,恆隆科技股份有公司,12916458,劉台華,"53,427,830",核准設立
10000,晉德企業社,25243911,王暉旻,"120,000",核准設立
10000,十誠國際貿易有限公司,90754113,李嘉誠,"2,000,000",核准設立
10000,囍閱文創旅店,15943160,林文彬,"136,000",核准設立
10000,義順樹脂工程有限公司,24630555,陳旭紳,"8,800,000",核准設立
10000,如沐晨陽有限公司,93376570,陳家凱,"200,000",核准設立
10000,萬橙室內裝修工程有限公司,24239828,陳淨曦,"6,800,000",核准設立
10000,立城鋼鐵股份有限公司,70712100,蕭景躍,"40,000,000",核准設立
10000,汎鈦機械科技有限公司,28599020,許宏華,"5,000,000",核准設立
10000,頂鈦工程有限公司,24660277,劉自展,"3,000,000",核准設立
10000,大祐珠寶設計有限公司,53837062,羅奕翔,"4,500,000",核准設立
10000,睿奇曼有限公司,93770989,張孟瑜,"300,000",核准設立
10000,映辰餐飲有限公司,29066711,黃偉辰,"300,000",核准設立
10000,福益不動產有限公司,27806660,呂學應,"1,000,000",核准設立
10000,鏡森林眼鏡行,85213341,謝錫寶,"200,000",核准設立
10000,旭峰商行,31474896,任守州,"200,000",核准設立
10000,鼎蓁實業有限公司,16318453,吳苡甄,"3,500,000",核准設立
10000,睿國際商務諮詢有限公司,53113881,黃文德,"2,000,000",核准設立
10000,海天科有限公司,69694575,劉夏言,"10,000,000",核准設立
10000,驊昱投資股份有限公司,25146333,鄭明松,"12,000,000",核准設立
10000,立冠環保科技有限公司,53361214,吳冠瑾,"1,000,000",核准設立
10000,百崴數位科技（股）公司,27716865,曾育山,"3,000,000",核准設立
10000,鉅鼎防護科技股份有限公司,91105186,李貴香,"880,000",核准設立
10000,浮樓國際設計有限公司,42619259,李成果,"2,000,000",核准設立
10000,磊鑫開發科技有限公司,28969310,李孟軒,"4,000,000",核准設立
10000,姿韻有限公司,42883709,羅敏華,"1,000,000",核准設立
10000,宏宇工藝有限公司,86662746,林冠宏,"5,000,000",核准設立
10000,龍虎電腦排版股份有限公司,23028276,甯凱通,"5,000,000",核准設立
10000,威爾森國際商行,88926548,楊柏彥,"200,000",核准設立
10000,伸長彩色印刷股份有限公司,23333965,林育君,"30,000,000",核准設立
10000,想享整合顧問有限公司,83436070,辛昀諮,"1,000,000",核准設立
10000,阿甘科技股份有限公司,25105353,李育長,"10,000,000",核准設立
10000,國際電木板企業有限公司,36268190,賴國豐,"15,000,000",
10000,永茂蔬果有限公司,47094886,陳喆彥,"3,000,000",核准設立
10000,沛承誼能源有限公司,69455434,楊目行,"10,000,000",核准設立
10000,盛將實業有限公司,27497989,陳璋桓,"2,000,000",核准設立
10000,古糧早餐店,25704771,馮淑玲,"3,000",核准設立
10000,維新傢飾裝潢行,81726658,陳水金,"200,000",核准設立
10000,秋龍實業有限公司,36535942,黃仁傑,"5,000,000",核准設立
10000,一畝田健康生技有限公司,55967194,鄭曉璇,"12,000,000",核准設立
10000,恩澤萬國貿易有限公司,85006981,陳冠博,"500,000",核准設立
10000,駿軒汽車甲級保養廠,09593855,陳奕壬,"240,000",核准設立
10000,景欣塑膠股份有限公司,16017105,蔡双喜,"5,000,000",
10000,聯夏食品工業股份有限公司,80677588,林慧美,"280,000,000",
10000,煜暉電業工程有限公司,89261674,曾茂盛,"12,000,000",核准設立
10000,屏安醫療社團法人屏安醫院,47921077,,,
10000,家安生命禮儀社,21985716,鍾家嘉,"200,000",核准設立
10000,皇享投資有限公司,24877613,陳寶如,"23,000,000",核准設立
10000,佳宏農業資材行,36743667,林旻宏,"60,000",核准設立
10000,吉統鐵工所,40794081,徐均愷,"100,000",核准設立
10000,文傳不動產有限公司,56677089,尤澤平,"200,000",核准設立
10000,大將日本料理店股份有限公司,80605467,劉守國,"3,000,000",核准設立
10000,甲子金營造有限公司,53906757,季永玲,"12,000,000",核准設立
10000,麗室建材有限公司,89428604,郭美裕,"5,000,000",核准設立
10000,允源鋼鐵有限公司,24409288,洪千淑,"15,000,000",核准設立
10000,丞鋐土木包工業,47899363,徐丞芸,"2,000,000",核准設立
10000,翊煒有限公司,83274589,曾國銘,"2,000,000",核准設立
10000,承銘投資股份有限公司,53063382,莊秋霞,"168,000,000",核准設立
10000,金理車業有限公司,86729486,楊劉玉英,"2,500,000",核准設立
10000,玉洋企業有限公司,16396400,李得誠,"1,000,000",核准設立
10000,明亮水電工程行,88816113,彭郁文,"1,000,000",核准設立
10000,富茂肥料行,17919623,羅重元,"9,880,000",核准設立
10000,綠動環衛科技有限公司,24644360,蔡政家,"2,000,000",核准設立
10000,欣翔工程行,37609843,游智翔,"200,000",核准設立
10000,德豐酒業有限公司,45120965,戴秀珍,"900,000",核准設立
10000,禾力行銷有限公司,53956828,邱瑞傑,"3,000,000",核准設立
10000,皮可斯服飾店,81393883,梁庭榮,"200,000",核准設立
10000,悅棋貿易有限公司,84648306,王進興,"5,000,000",核准設立
10000,默娘茶莊,89030463,蘇郁凱,"168,000",核准設立
10000,勝寶營造有限公司,12608255,張惠雲,"3,600,000",核准設立
10000,崇詳工業股份有限公司,97502824,王鎔蓁,"50,000,000",核准設立
10000,弘騰企業社,41445479,莊勝國,"1,249,000",核准設立
9000,威騰衛浴有限公司,54070925,邱春喜,"28,000,000",核准設立
8500,三間工作室,91699624,黃一晴,"200,000",核准設立
8500,金昌金屬有限公司,28621640,張茂榮,"5,000,000",核准設立
8000,盛世國際開發有限公司,52560046,高文鎮,"1,000,000",核准設立
8000,宜衫有限公司,85077850,吳衫凭,"10,000,000",核准設立
7827,萬泰豐國際有限公司,57169512,楊家蓁,"2,000,000",核准設立
7780,地芙諾國際有限公司,83128550,許慧櫻,"1,000,000",核准設立
7777,鴻葉貿易有限公司,90578783,葉峻崧,"1,000,000",核准設立
7777,北大藥局,26507117,梁世民,"200,000",核准設立
7623,樂高資訊科技有限公司,25193715,許志豪,"2,000,000",核准設立
7200,富統肉品行,78759177,許金磚,"6,000,000",核准設立
7200,千溝投資有限公司,85093562,魏千芸,"104,485,000",核准設立
7200,欣盛企業社,09128112,吳丁輝,"480,000",核准設立
7200,嘉年華家具有限公司,90896909,鄭寶珠,"600,000",核准設立
7126,巨凱國際車品企業社,87330078,張子文,"200,000",核准設立
7000,正逸科技有限公司,50922254,杜傳逸,"15,000,000",核准設立
6888,東烜科技有限公司,83280739,楊豐泉,"1,500,000",核准設立
6804,茂誼工程有限公司,24230973,陳茂松,"2,000,000",核准設立
6699,顧安工程顧問股份有限公司,61957835,顧慶華,"3,500,000",核准設立
6666,正鈾金屬工程有限公司,83298061,吳柏順,"1,000,000",核准設立
6666,齊思設計,85646115,朱明珊,"200,000",核准設立
6666,旺旺鑫科技有限公司,54829511,沈仕勛,"1,000,000",核准設立
6666,德君材料有限公司,90184036,徐純蓉,"1,000,000",核准設立
6072,慈信顧問有限公司,42932429,蕭文安,"1,000,000",核准設立
6000,澄橙實業有限公司,61939422,金智煌,"10,000",核准設立
6000,夏雨第八號庫坊,91702418,許奕庭,"200,000",核准設立
6000,奈普互動有限公司,54664953,李紹傑,"3,000,000",核准設立
6000,歐太國際管理顧問有限公司,97326307,張原芃,"5,000,000",核准設立
6000,一瓢飲說說美有限公司,54977337,楊克淇,"300,000",核准設立
6000,宸緯企業社,32643558,,,
6000,均潤有限公司,90718497,高榕璟,"200,000",核准設立
6000,八五樂活有限公司附設臺南市私立歸仁社區長照機構,88788828,,,
6000,秉辰智法管理顧問有限公司,54306534,呂芳嘉,"500,000",核准設立
6000,大藏日本料理店,17929523,黃彩悅,"200,000",核准設立
5960,泱泱美研國際有限公司,91031609,徐滋佑,"200,000",核准設立
5446,東琳興業股份有限公司,28924341,蕭瑞明,"800,000,000",核准設立
5399,任亦門企業有限公司,55870255,曾淑婷,"100,000",核准設立
5300,科瞵實業有限公司,93377135,柯為仁,"200,000",核准設立
5160,祥綸企業有限公司,05080684,徐正毅,"18,000,000",核准設立
5000,騰鼎營造有限公司,97357336,黃宥瑄,"5,000,000",核准設立
5000,登盈儀器有限公司,22681607,李賽慧,"5,000,000",核准設立
5000,永豐長樂有限公司,24355467,黃士修,"4,000,000",
5000,留一點空間工作室,38706528,林春枝,"200,000",核准設立
5000,卡爾國際資訊有限公司,61776594,黃奕璽,"1,000,000",核准設立
5000,啵啵亮汽車美容,81115713,,,
5000,巾銢環保有限公司,53372747,翁源駿,"3,000,000",核准設立
5000,永薪生命禮儀有限公司,53460925,王育豪,"200,000",核准設立
5000,瀚瑋工程顧問有限公司,91085885,褚雲瀚,"1,000,000",核准設立
5000,格亞有限公司,45885624,林乙蔓,"1,000,000",核准設立
5000,龍昇飲食有限公司,83463934,林以承,"1,000,000",核准設立
5000,弘盛水電材料有限公司,90163145,郭弘燊,"3,000,000",核准設立
5000,悅客小舖,25599497,,,
5000,艾諾資訊有限公司,90036900,林劭軍,"100,000",核准設立
5000,愛揪團有限公司,90345981,伍靈艷,"1,000,000",核准設立
5000,柯亞股份有限公司,83558410,游佩璋,"1,000,000",核准設立
5000,西登醫療儀器有限公司,22328198,楊啓文,"5,000,000",核准設立
5000,兌豐管理顧問有限公司,50999176,賴姿蓉,"100,000",核准設立
5000,華新企業社,29302644,廖瑞珠,"200,000",核准設立
5000,輪藝國際有限公司,90397523,李柏毅,"300,000",核准設立
5000,陸山光電有限公司,53154849,陳杏珍,"300,000",核准設立
5000,雲月汽車旅館有限公司,61935431,黃塏森,"29,900,000",核准設立
5000,石窯風餐坊,25662152,王淑婷,"200,000",核准設立
5000,名庭商行,73385559,陳虹琦,"100,000",核准設立
5000,勱旺有限公司,27920732,王天虹,"4,000,000",核准設立
5000,珀春有限公司附設臺南市私立秉心居家長照機構,88910356,,,
5000,上隆有限公司,28529762,許實曆,"1,000,000",核准設立
5000,建一茶業商行,47367577,楊正弼,"200,000",核准設立
5000,苡級棒有限公司,91061151,巫雅慧,"200,000",核准設立
5000,金和泰運輸有限公司,58689300,王鈺惠,"25,000,000",核准設立
5000,翔飛企業社,91823406,王靜慧,"249,000",核准設立
5000,晶迎股份有限公司,90845769,邵修君,"6,000,000",核准設立
5000,日鼎營造工程有限公司,12814564,陳仁福,"6,000,000",核准設立
5000,漢賓有限公司,16397484,江金文,"10,000,000",核准設立
5000,穎鋒國際有限公司,53221565,呂昱鋒,"1,500,000",核准設立
5000,日岡鋼鐵有限公司,28493053,許櫂婷,"9,000,000",核准設立
5000,楠楓文創工作室,92299739,陳慧儒,"200,000",核准設立
5000,差八歲工作室,82298681,張惠雯,"200,000",核准設立
5000,菲宏銷售工作室,85257234,張棋聆,"3,000",核准設立
5000,東佑推進工程有限公司,84215624,吳雅婷,"6,000,000",核准設立
5000,凱薩琳國際教育企業社,76420501,胡玉瑩,"30,000",核准設立
5000,呷甜甜商行,26443487,董慧貞,"10,000",核准設立
5000,元森工程股份有限公司,12719978,莊英森,"20,000,000",核准設立
5000,文風工程行,41039916,張莉曼,"200,000",核准設立
5000,喬昇企業社,70888515,黃秀蜜,"240,000",核准設立
5000,東漢工程行,92585584,陳東興,"200,000",核准設立
5000,國信投資有限公司,52757293,温國信,"7,000,000",核准設立
5000,中毅土壤技術顧問有限公司,23516985,黃政川,"3,000,000",核准設立
4780,造崧有限公司,24979484,黃亭蓉,"30,000",核准設立
4600,凱藝名店,99358064,陳幼樺,"200,000",核准設立
4600,志益興業有限公司,70739282,李信寬,"1,000,000",核准設立
4200,何六百有限公司,24634102,何岳峰,"2,000,000",核准設立
4000,弘鈦經管建築有限公司,83081534,楊湘榆,"100,000",核准設立
4000,卡耶利瓦有限公司,83961860,鍾苓,"300,000",核准設立
4000,龍韻工業有限公司,91014741,李淮廷,"2,000,000",核准設立
4000,云千室內裝修有限公司,83572433,曾芊云,"500,000",核准設立
4000,亞娜塔創意有限公司,82973678,郭建廷,"500,000",核准設立
4000,台灣酷比優有限公司,64980557,曾建元,"100,000",核准設立
4000,傑合股份有限公司,86825143,何曉雯,"25,000,000",核准設立
4000,東億工程行,21817535,,,
3888,靚昀設計工程有限公司,53927107,陳燕如,"1,000,000",核准設立
3824,明堂設計有限公司,27573613,李逸明,"2,000,000",核准設立
3666,倍適特科技有限公司,53232633,吳苗慧,"1,000,000",核准設立
3600,雋永生命禮儀有限公司,42849392,陳威志,"200,000",核准設立
3600,躍錡精密工具有限公司,64316906,余怡琦,"1,000,000",核准設立
3600,冠豪金屬有限公司,28375350,劉人豪,"2,000,000",核准設立
3600,慶運超音波機械有限公司,53636023,黃進興,"1,000,000",核准設立
3600,舊來發餅舖,69276592,何月娥,"3,000",核准設立
3600,久裕實業有限公司,89180820,趙千惠,"100,000",核准設立
3600,芊叡工程顧問有限公司,94271764,陳建宏,"1,000,000",核准設立
3600,統竣國際有限公司,96919366,林木清,"5,000,000",核准設立
3600,松雄投資有限公司,82957585,翁立衡,"21,000,000",核准設立
3600,紘熒通運有限公司,83381434,曹呈浩,"25,000,000",核准設立
3600,義美工程行,99583978,蔡傳宗,"10,000",核准設立
3600,瑞隆鋼鐵工業有限公司,25022826,謝瑞隆,"1,000,000",核准設立
3600,加倍國際有限公司,28761493,蔡漢良,"1,000,000",核准設立
3600,超群商行,47802240,林彥彬,"100,000",核准設立
3599,雅棠工程行,87256746,張雅茹,"100,000",核准設立
3599,妙妙投資股份有限公司,97477374,李友青,"100,000,000",核准設立
3500,燁昇科技有限公司,80564748,李宜隆,"2,000,000",核准設立
3500,日央商旅,81176680,李梅菁,"10,000",核准設立
3360,魚魚共好科技有限公司,85060675,黃瓊貞,"600,000",核准設立
3000,逸士企業有限公司,06721461,李佳諭,"1,000,000",核准設立
3000,麗正空間規劃企業,91720295,王國珮,"200,000",核准設立
3000,豐鈺企業行,40802857,許仲輝,"2,000,000",
3000,錸鴻營造有限公司,70671467,侯杰甫,"25,000,000",核准設立
3000,豐漁水產養殖有限公司,82981311,許宏德,"2,200,000",核准設立
3000,信福房屋仲介有限公司,24962646,王淵鵬,"2,500,000",核准設立
3000,刺刺工作室有限公司,28620157,陳張瓊玉,"500,000",核准設立
3000,車酷車企業社,37799196,陳靖方,"200,000",核准設立
3000,凱樂斯精品商行,42035972,楊月榕,"200,000",核准設立
3000,老王客家菜飯館,09180931,王苙達,"5,000",核准設立
3000,米加設計有限公司,24240634,洪嘉勵,"250,000",核准設立
3000,今準鈑金工業有限公司,54605343,吳崇昊,"1,000,000",核准設立
3000,威柏科技貿易有限公司,55903333,黃冠博,"6,000,000",核准設立
3000,山誠科技有限公司,42589500,陳秋安,"1,000,000",核准設立
3000,恆匯企業社,85411779,李俊達,"200,000",核准設立
3000,智慧安全有限公司,85114406,趙品詮,"300,000",核准設立
3000,品趣設計有限公司,28387433,許宏棋,"1,000,000",核准設立
3000,星拓整合行銷有限公司,53542166,黃明賢,"1,000,000",核准設立
3000,禾米新鮮食材商行,82415267,陳俊宇,"200,000",核准設立
3000,刺客瘋有限公司,94104056,鄭名强,"1,000,000",核准設立
3000,綠昕科技有限公司,53201625,李宗恩,"6,500,000",核准設立
3000,天狼星有限公司,61917877,陳楷牧,"3,000,000",核准設立
3000,德富利飲料店,82112989,盧明耀,"200,000",核准設立
3000,威保通實業股份有限公司,70610482,高鄭素英,"15,000,000",核准設立
3000,普利市企業社,72056517,陳建龍,"20,000",核准設立
3000,京典食品有限公司,54183836,吳淳申,"5,580,000",核准設立
3000,玄通系統服務股份有限公司,60431411,葉銘哲,"10,000,000",核准設立
3000,木桐企業股份有限公司,80489018,黃國華,"5,000,000",核准設立
3000,永禾豐生物科技有限公司,54573840,吳佳靜,"20,000,000",核准設立
3000,弘稚有限公司,94210438,唐靖誠,"3,000,000",核准設立
3000,臺灣獨角獸創意有限公司,85069985,黃耀寬,"6,000,000",核准設立
3000,逸豊實業股份有限公司,42942046,洪妙真,"40,000,000",核准設立
3000,旻成齒輪股份有限公司,84582661,楊岳卿,"81,000,000",核准設立
2600,想你鮮果企業社,88208434,簡幸甫,"200,000",核准設立
2600,學學柑仔店,92535184,吳訓漩,"200,000",核准設立
2599,凱強實業股份有限公司,12727528,林學政,"25,000,000",核准設立
2512,洪添賢插畫設計工作室,47668546,洪添賢,"100,000",核准設立
2500,前衛汽車商行,99844278,王子昇,"200,000",核准設立
2500,明道大聖通信行,20324674,張聖坤,"200,000",核准設立
2500,長昆水電工程有限公司,86426440,林昆源,"2,000,000",核准設立
2500,同心宸企業有限公司,91063138,張雅涵,"400,000",核准設立
2500,竹記有限公司,53866283,江啟文,"5,000,000",核准設立
2449,正鼎工程行,82131439,吳柏賢,"200,000",核准設立
2360,普賢企業有限公司,24365107,彭柏翔,"15,000,000",核准設立
2024,春暖創意設計有限公司,90827262,許靖宜,"500,000",核准設立
2024,張美阿嬤農場,82357273,張美,"14,000,000",
2024,華勝恩國際有限公司,90634976,林梅錚,"100,000",核准設立
2024,國書醫療用品有限公司,90716575,黃國書,"1,000,000",核准設立
2024,新源瀧石材有限公司,64932325,李宗翰,"2,000,000",核准設立
2024,映鈞生技有限公司,83566100,陳映鈞,"100,000",核准設立
2024,德森企業社,87403965,黃祺安,"30,000",核准設立
2024,奕勝企業社,91130066,張教耘,"200,000",核准設立
2000,台灣摩托維爾有限公司,16690467,倪金芳,"5,000,000",核准設立
2000,士東實業社,14735117,,,
2000,綠馥興業社,93245326,古麗君,"200,000",核准設立
2000,太元數據分析有限公司,28495377,林笙兆,"1,500,000",核准設立
2000,翊歆企業社,92130753,黃雅梅,"200,000",核准設立
2000,樂芙美學企業社,72718951,羅福瑨,"30,000",核准設立
2000,永欣宸有限公司,82992611,辛晏霆,"1,000,000",核准設立
2000,雲亨資安有限公司,90837228,陳冠亨,"1,000,000",核准設立
2000,連豪科技有限公司,27895754,黃定弦,"10,000,000",核准設立
2000,貳馬油漆工程行,82351405,馮鈞偉,"200,000",核准設立
2000,華商紙業股份有限公司,84693224,曾華盈,"25,000,000",核准設立
2000,坂本尤企劃有限公司,90021435,尤泰鑫,"1,000,000",
2000,萬通投資顧問有限公司,90087317,姚捷堂,"9,657,565",核准設立
2000,丰好食商行,82432759,鍾柏彰,"1,000,000",核准設立
2000,天鳴重型機車有限公司,91059182,黃柏凱,"1,000,000",核准設立
2000,斯維特企業社,85209851,張愛萍,"200,000",核准設立
2000,青木田國際實業有限公司,83647700,那晉豪,"5,000,000",核准設立
2000,艾克萊國際有限公司,22174644,林恬宇,"1,000,000",核准設立
2000,湯普升有限公司,83159526,鄭勻凱,"1,000,000",核准設立
2000,金蕙投資有限公司,28824722,吳繼金,"500,000",核准設立
2000,江森婚禮有限公司,90379362,蔡孟芳,"5,000,000",核准設立
2000,申特精密工業有限公司,24622859,羅仁杰,"1,000,000",核准設立
2000,良河金屬工業有限公司,35956938,林玉卿,"5,000,000",核准設立
2000,饗食商行,93255695,陳冠廷,"200,000",核准設立
2000,蔚然文化事業有限公司,54728416,洪如珮,"5,000,000",核准設立
2000,竑鼎企業有限公司,67087407,呂碧純,"1,000,000",核准設立
2000,方拓實業有限公司,69649349,楊振彰,"2,000,000",核准設立
2000,丰好食股份有限公司,94035328,鍾柏彰,"5,000,000",核准設立
2000,風調魚順有限公司,50831347,陳于玲,"95,000",核准設立
2000,鼎江不動產有限公司,64523004,許正易,"500,000",核准設立
2000,合方神盛室內裝修有限公司,83034907,方智盛,"300,000",核准設立
2000,苙鼎國際有限公司,83251642,陳耀章,"1,000,000",核准設立
2000,雷神事業有限公司,42712467,李建龍,"1,100,000",核准設立
2000,方銳科技有限公司,90409696,陳雯婷,"100,000",核准設立
2000,貓和夥伴國際有限公司,42781891,楊叔菁,"500,000",核准設立
2000,巧藝工程行,47935939,石世白,"200,000",核准設立
2000,瑞崎企業股份有限公司,22144826,劉庭榕,"10,000,000",
2000,御楓建設股份有限公司,82774241,彭承軒,"100,000,000",核准設立
2000,承通有限公司,97552324,洪登樹,"29,000,000",核准設立
1846,大港先生影業資訊傳媒企業,36905472,陳宏哲,"200,000",核准設立
1822,絡客貿易企業行,82454654,莊婉瑜,"200,000",核准設立
1800,易美嬰童用品有限公司,55944664,黃春美,"200,000",核准設立
1800,以撒整合行銷有限公司,83491349,郭啓正,"500,000",核准設立
1800,弘朋國際行銷有限公司,83574805,徐慶君,"200,000",核准設立
1600,迺航科技有限公司,24462656,黃士維,"800,000",核准設立
1576,青日工作室,88555335,關淑方,"300,000",核准設立
1500,勁潔企業社,82490820,陳志嘉,"200,000",核准設立
1500,秀陸有限公司,89137633,,"300,000","解散
														
															
															(113年03月07日
															新北府經司字
             													第1138014577號)"
1500,集英文創有限公司,42768291,蘇英嘉,"1,000,000",核准設立
1500,駿豐雷射有限公司,82819824,陳德祐,"880,000",核准設立
1500,後山金工房,34890988,楊達開,"1,000,000",核准設立
1450,艾斯德有限公司,55742111,王薪貴,"100,000",核准設立
1450,大輪創意國際有限公司,43833361,藍志成,"3,000,000",核准設立
1450,綵益工程行,88973226,陳俊嘉,"200,000",核准設立
1450,迪諾遊戲屋,91775214,朱敏智,"200,000",核准設立
1450,龍泰輪胎行,78128398,賴深龍,"10,000",核准設立
1450,中原碩鑫國際有限公司,85083419,張義鑫,"100,000",核准設立
1450,騰星有限公司,69401901,謝文峰,"500,000",核准設立
1450,金阜酉國際企業有限公司,24843115,林鈺豐,"3,000,000",核准設立
1450,采衣坊自助洗衣,93262247,陳玫妤,"150,000",核准設立
1300,鈞勝工程有限公司,53573456,鄧如媛,"1,000,000",核准設立
1200,捷伊雲端留學顧問企業社,93436872,廖世閔,"150,000",核准設立
1180,昌毓纖維有限公司,90207811,王世昌,"1,000,000",核准設立
1180,大有不動產有限公司,90626526,張心渝,"3,000,000",核准設立
1150,陳食餐飲有限公司松隆分公司,90492337,,,
1111,岄霖工程有限公司,83654687,周雨潔,"2,000,000",核准設立
1100,元仁科技有限公司,45902145,陳惠芝,"5,000,000",核准設立
1000,展盈國際有限公司,28014912,張益瑞,"1,000,000",核准設立
1000,晶品實業社,98617795,黃榮春,"200,000",核准設立
1000,弘典國際企業有限公司,28189572,陳芷嫻,"10,000,000",核准設立
1000,神固國際科技工程企業有限公司,80193964,黃文南,"20,000,000",核准設立
1000,順晟製模股份有限公司,22380736,趙進發,"6,000,000",核准設立
1000,國清五金有限公司,70613410,鄭瑞貞,"8,580,000",核准設立
1000,唯欣工程行,81484498,周建雄,"200,000",核准設立
1000,薑薑小姐有限公司,83024485,林穎聰,"500,000",核准設立
1000,杰立欣科技有限公司,83118413,廖秀華,"1,000,000",核准設立
1000,亮寶貿易有限公司,83296520,鄒其呈,"80,000",核准設立
1000,綠豐商務管理顧問有限公司,83614172,王翊展,"800,000",核准設立
1000,寶聖設計有限公司,83783612,郭淑容,"200,000",核准設立
1000,羅塔無人機科技有限公司,90305019,林士閔,"300,000",核准設立
1000,頤橙設計有限公司,90542006,王宥程,"1,000,000",核准設立
1000,水餃控花蓮美食餐廳,91595959,吳正綱,"200,000",核准設立
1000,日鼎地板行,14713394,單祖英,"200,000",核准設立
1000,創新一點股份有限公司,24781856,葉臨軒,"2,500,000",核准設立
1000,享創物聯有限公司,50838708,陳宏利,"660,000",核准設立
1000,多博科技股份有限公司,54696126,黃佳文,"10,000,000",核准設立
1000,盛圓有限公司,69725514,蔡鉑祥,"1,000,000",核准設立
1000,豆子一家輕旅有限公司,82793887,丁偉勵,"1,000,000",核准設立
1000,至順股份有限公司,83361205,吳美慧,"5,000,000",核准設立
1000,有家室內空間工程有限公司,83599670,蔡有家,"200,000",核准設立
1000,煉瓦良茶,87446471,李宣佑,"100,000",核准設立
1000,五二赫茲有限公司,90053999,温思涵,"200,000",核准設立
1000,睛翎實業社,92353206,廖靜梅,"50,000",核准設立
1000,承爵工程行,02341551,賴珮鳳,"200,000",核准設立
1000,你的殺價金額有限公司,83281815,曾祐禎,"1,000,000",核准設立
1000,愛喆藍化妝品配方創新工作室,85798098,陳祁樹慎,"240,000",核准設立
1000,翔竣國際實業有限公司,50771158,蘇聖哲,"1,000,000",核准設立
1000,萊沛斯運動股份有限公司,82764026,楊芮文,"5,000,000",核准設立
1000,一六八電力科技股份有限公司,90681626,王銘鑫,"10,000,000",核准設立
1000,穩旺企業社,88228831,吳勝傑,"200,000",核准設立
1000,翔紡欣紡織有限公司,53760090,王凱萱,"5,000,000",核准設立
1000,伊斯博資訊工程,41297483,朱玉燕,"240,000",核准設立
1000,秝禾鑫實業有限公司,66602236,徐奎勳,"600,000",核准設立
1000,上慧機械企業有限公司,76364938,翁明路,"20,000,000",核准設立
1000,昀之有限公司,90262530,楊鈺婷,"1,700,000",核准設立
1000,金典雷射雕刻有限公司,80717694,何承祐,"3,000,000",核准設立
1000,臧姑娘服飾有限公司,91090326,臧艷瓊,"200,000",核准設立
1000,來歐國際有限公司,90166543,何宇婷,"200,000",核准設立
1000,三益有限公司,54102779,林祝玲,"2,000,000",核准設立
1000,理想生活創意整合有限公司,94107743,曾紘彥,"100,000",核准設立
1000,宏昶企業社,88664143,游陳舒霈,"200,000",核准設立
1000,伴君云實業有限公司,42924265,黃勇勝,"2,000,000",核准設立
1000,醫貝樂有限公司,42695214,陳巧奇,"5,000,000",核准設立
1000,和承環保科技有限公司,54710181,洪敦元,"14,500,000",核准設立
1000,巨鵬國際科技有限公司,66506727,陳孟軒,"1,000,000",核准設立
1000,尚翊電子科技有限公司,69557410,方欣怡,"1,000,000",核准設立
1000,瑞誼螺絲有限公司,70726060,曹佩君,"6,660,000",核准設立
1000,通霄一心素食大飯店,82385685,李豐達,"100,000",核准設立
1000,擄滷胃商行,82422865,張中祺,"100,000",核准設立
1000,藝智生活有限公司,82989215,呂理邦,"50,000",核准設立
1000,逗留旅店有限公司,83300849,郭晏維,"3,000,000",核准設立
1000,翊勳工程行,85488517,李佳勳,"200,000",核准設立
1000,實山空間設計,88984238,謝宗樺,"200,000",核准設立
1000,澄實實業有限公司,90021913,賴昱臣,"1,000,000",核准設立
1000,藝之初創意塗裝,90488143,陳明賢,"800,000",核准設立
1000,曜耘貿易有限公司,90616153,章復斌,"1,000,000",核准設立
1000,吉加室內裝修有限公司,94094091,郭承立,"500,000",核准設立
1000,北門口肉圓民生店,95957799,,,
1000,東美噴漆社,97551319,粘祐瑋,"30,000",核准設立
1000,鎰方工業股份有限公司,59171520,楊林碧珠,"15,000,000",核准設立
1000,科邁銘板工業有限公司,83228235,廖繼豪,"500,000",核准設立
1000,崴騰車業,88447272,江立森,"200,000",核准設立
1000,聚樂媒體行銷有限公司,89285134,詹卓燕,"100,000",核准設立
1000,豐潮電腦,91646205,謝宗圻,"200,000",核准設立
1000,頂利國際有限公司,83763307,康晁偉,"200,000",核准設立
1000,土地公科技有限公司,24410736,胡國城,"2,000,000",核准設立
1000,禾耀門窗工程設計,91455866,薛宸昊,"200,000",核准設立
1000,可馳有限公司,53859781,丁文清,"10,500,000",核准設立
1000,嵐傑開發有限公司,50800317,陳信傑,"2,160,000",
1000,昀誼有限公司,83047537,何沅峰,"1,000,000",核准設立
1000,久雋股份有限公司,56607747,楊尚書,"1,000,000",核准設立
1000,咖啡色商行,42436462,高之寰,"200,000",核准設立
1000,三元恆欣業有限公司,42595643,賴勇吉,"1,000,000",核准設立
1000,樂奇旅行社有公司,42686714,陳彥勳,"7,000,000",核准設立
1000,水星農場有限公司,54633137,黃村松,"200,000",核准設立
1000,造盛有限公司,54875417,陳添壽,"5,500,000",核准設立
1000,益祥水電工程行,72686352,蘇明祥,"200,000",核准設立
1000,帥富嚴選企業社,85221047,陳宏富,"240,000",核准設立
1000,紅櫻桃有限公司,50761073,林祉彤,"3,000,000",核准設立
1000,燕麥吧企業社,81437046,司恩彰,"200,000",核准設立
1000,成心不動產經紀有限公司,83072325,黃裕民,"1,000,000",核准設立
1000,立馨企業社,87495319,林馨宜,"200,000",核准設立
1000,羅可曦設計有限公司,53739554,吳宇桂,"4,000,000",核准設立
1000,健勤商行,91311974,李坤森,"10,000",核准設立
1000,阿里巴七工作室,88377584,劉又方,"80,000",核准設立
1000,大吉串物小吃,82184580,黃翔榆,"200,000",核准設立
1000,詠蒔商行,88138542,陳姿云,"100,000",核准設立
1000,好牛老闆有限公司,92604479,劉建鑫,"200,000",核准設立
1000,漁田村企業社,91642427,陳姿伶,"100,000",核准設立
1000,大禾秝設計有限公司,24912111,鄭英琦,"1,000,000",核准設立
1000,大培元商行,18073709,劉林純娥,"200,000",核准設立
1000,加勝電器行,91375955,吳就傑,"180,000",核准設立
1000,亞樺電機有限公司,04834089,葉俊宏,"1,000,000",核准設立
1000,仁美資訊有限公司,24436460,林慧文,"1,000,000",核准設立
1000,輕樹廣企業社,92332218,林庭賢,"200,000",核准設立
1000,富堂國際事業有限公司,54251539,王子豪,"1,000,000",核准設立
1000,奇源(股)公司,80726151,王太榮,"5,000,000",核准設立
1000,正壹科技有限公司,80685588,李雅芬,"500,000",核准設立
1000,宏達國際實業有限公司,53034177,林靜瑩,"500,000",核准設立
824,天使電腦資訊企業社,26237260,王安琪,"240,000",核准設立
800,好鴻工程有限公司,53469019,呂政賢,"2,000,000",核准設立
666,硫酸出版,83190462,王元康,"800,000",核准設立
600,一寶家庭料理館,85173122,莊能翔,"200,000",核准設立
600,聖玥企業社,87454181,古俊昭,"200,000",核准設立
500,微樂國際有限公司,28790336,秦清鴻,"5,000,000",核准設立
500,超金代國際企業社,91414325,林思誠,"100,000",核准設立
500,雲灝有限公司,90441794,羅雲灝,"200,000",核准設立
500,聯得順科技有限公司,54502894,劉淑芳,"1,000,000",核准設立
500,全榮興業有限公司,69586560,葉淑霞,"2,000,000",核准設立
500,典銘實業有限公司,80596066,葉景銘,"31,800,000",
500,花生好飾工作室,91699363,黃守仕,"80,000",核准設立
500,意誠行,76639802,陳麗雅,"500,000",核准設立
500,永發服務股份有限公司,82902098,賴奕成,"15,000,000",核准設立
500,庖匠人生工作室,88301369,陳宏輔,"100,000",核准設立
500,竣木室內裝修設計有限公司,94029368,呂俊杰,"1,000,000",核准設立
500,達特威消防安全設備工程有限公司,50803377,林垣佑,"300,000",核准設立
500,繽果商行,92464553,黃寶蒂,"100,000",核准設立
500,康力富企業有限公司,27422469,陳仲賢,"5,000,000",核准設立
500,晴曜實業有限公司,83660463,吳宜庭,"1,000,000",核准設立
500,其樂創意行銷有限公司,28464732,黃英銓,"6,000,000",核准設立
500,九月旭商行,92681398,劉俊廷,"200,000",核准設立
500,十引室內裝修工程有限公司,50816577,王曜樽,"1,000,000",核准設立
500,齊陞實業有限公司,54200265,邱詒嫄,"8,100,000",核准設立
400,豫瑞企業有限公司,28784221,蘇中修,"11,000,000",核准設立
300,青琦實業有限公司,43871168,黃堃旺,"20,000,000",核准設立
300,四零四網路資訊企業社,92527380,呂承紘,"30,000",核准設立
300,肌肉書僮有限公司,89119001,鄭景謙,"1,000,000",核准設立
300,就是鬆餅斗六店,93381449,,,
300,延森室內裝修設計有限公司,91093920,簡千惠,"1,000,000",核准設立
300,君賀企業社,91136358,張萬君,"200,000",核准設立
300,治國科技有限公司,83035552,許家諆,"500,000",核准設立
300,郡山重車企業社,91131918,羅盛迪,"200,000",核准設立
300,曼特有限公司,82930355,陳佩君,"5,000,000",核准設立
300,好健康食材有機專賣店,72691947,黃志遠,"10,000",核准設立
300,承加空調科技有限公司,83169051,林昱成,"5,000,000",核准設立
300,富居窗簾,40701555,陸傳彬,"50,000",核准設立
300,升豪冷飲站,85140170,張哲豪,"100,000",核准設立
300,惠元商行,88585345,張嘉惠,"200,000",核准設立
300,奈奈日本小鋪,92249160,汪舒婷,"200,000",核准設立
300,至紘有限公司,93768739,羅卉稜,"1,000,000",核准設立
300,瑞亞工作室,91795204,莊馨羽,"80,000",核准設立
300,双友社,88286901,王泓文,"150,000",核准設立
300,聖珈企業社,91233921,趙尹聖,"200,000",核准設立
224,京秬企業社,92352142,凃嘉豪,"200,000",核准設立
200,藝心娛樂股份有限公司,50765304,梁棕杰,"200,000",核准設立
200,鵬友印象企業社,91630365,葉泳宏,"200,000",核准設立
200,耀陞水電工程行,93395751,張家銘,"200,000",核准設立
